Customer_ID,Policy_Type,Customer_Segment,Customer_Age,Annual_Income,Claim_History_Count,Previous_Claim_Amount,Policy_Tenure_Years,Risk_Score,Insured_Value,Annual_Insurance_Premium
1000001,Home,Mass,59.3,813311.81,1,129111.01,1.88,50.33,942056.52,81266.01
1000002,Travel,Mass,46.1,483376.79,2,359402.98,9.02,47.89,243221.52,205484.02
1000003,Health,Premium,34.1,1045813.84,1,249020.88,1.79,31.91,865348.33,149373.46
1000004,Health,Mass,47.9,287534.47,0,0.0,8.43,44.53,160448.82,8065.09
1000005,Auto,Mass,36.0,855613.31,1,76136.63,6.24,46.39,841997.7,49148.79
1000006,Auto,Affluent,33.0,907967.58,1,93904.38,7.25,46.88,1007439.98,62284.76
1000007,Auto,Mass,,1393292.56,0,0.0,4.41,28.46,1175896.14,6392.92
1000008,Life,Premium,19.2,1537460.03,0,0.0,1.29,25.06,2364312.57,12252.02
1000009,Health,Mass,36.9,682274.09,1,134244.3,4.41,44.2,525471.2,81129.56
1000010,Health,Affluent,44.1,828450.47,2,159098.93,2.5,52.34,587719.5,96820.5
1000011,Auto,Mass,40.7,590534.65,1,59285.4,8.4,43.63,416773.69,39799.11
1000012,Travel,Mass,36.6,483939.72,0,0.0,6.68,35.22,245030.11,5626.97
1000013,Life,Premium,29.7,1067246.12,0,0.0,3.38,47.71,1576462.28,14897.27
1000014,Auto,Mass,49.9,446715.85,1,28680.53,3.63,49.66,309126.33,23630.91
1000015,Auto,Affluent,24.9,716479.74,2,347567.33,14.35,61.47,641602.72,201805.31
1000016,Auto,Mass,52.1,520634.93,1,133106.35,11.77,56.04,569379.29,82602.26
1000017,Home,Mass,29.0,1217701.71,0,0.0,6.24,47.5,1201018.35,7457.76
1000018,Health,Premium,32.2,2424016.9,1,75914.95,12.77,35.27,2223603.15,52343.88
1000019,Home,Mass,22.9,439888.54,4,117913.64,4.62,64.4,458077.74,75666.18
1000020,Auto,Affluent,35.5,324808.12,2,210293.21,9.98,46.98,136820.06,124467.01
1000021,Health,Corporate,54.7,840256.31,2,373754.41,3.34,42.59,504443.46,219615.7
1000022,Auto,Affluent,48.7,907804.05,2,310662.03,3.7,63.39,785515.01,183040.56
1000023,Auto,Corporate,54.7,1015013.69,2,119383.93,3.53,52.18,653527.91,79643.5
1000024,Home,Mass,48.8,704098.65,2,167507.45,10.44,45.55,724805.43,100839.88
1000025,Home,Mass,27.7,805967.28,0,0.0,4.03,32.38,564817.65,7549.85
1000026,Life,Mass,37.7,1101607.21,1,57565.63,13.12,38.42,1906356.4,38332.75
1000027,Auto,Affluent,31.9,1595004.37,0,0.0,4.54,31.35,1529313.31,8624.27
1000028,Health,Corporate,59.3,307082.96,0,0.0,6.99,40.69,195679.42,12378.45
1000029,Health,Mass,26.4,734711.62,1,76282.73,10.29,53.63,563299.6,51054.22
1000030,Auto,Affluent,53.6,1012309.47,1,,1.7,42.83,867459.5,53151.35
1000031,Health,Mass,53.6,,1,29581.26,4.21,59.11,342592.03,24952.58
1000032,Auto,Affluent,65.8,2332131.79,1,98580.51,10.23,56.11,1525810.37,65397.6
1000033,Auto,Mass,36.7,634552.06,1,201974.98,3.89,46.54,392411.01,120125.96
1000034,Travel,Corporate,51.3,879790.48,0,0.0,2.5,45.71,439183.69,12203.26
1000035,Travel,Affluent,71.7,1221954.51,1,30863.02,2.62,51.56,606198.02,28371.49
1000036,Life,Mass,34.0,650140.26,0,0.0,7.81,45.68,1241155.49,11337.46
1000037,Home,Mass,22.0,325961.6,2,455412.3,12.5,51.02,331022.09,259022.26
1000038,Auto,Mass,18.0,710973.23,0,0.0,8.68,21.51,669005.25,4832.64
1000039,Health,Mass,51.3,1585392.15,3,179871.04,3.66,62.05,876420.83,110190.0
1000040,Home,Mass,18.0,747775.23,3,319037.05,11.24,58.15,714809.76,185563.79
1000041,Auto,Premium,37.2,565017.04,0,0.0,4.18,35.35,492811.97,9212.22
1000042,Home,Affluent,47.7,1497443.32,0,0.0,3.47,40.57,1409317.99,9520.63
1000043,Auto,Affluent,44.4,750296.58,0,0.0,6.34,34.68,538275.82,8255.32
1000044,Life,Mass,47.5,679805.22,1,123985.21,11.86,36.51,952290.24,77283.39
1000045,Auto,Premium,44.9,977106.46,0,0.0,5.74,28.22,922035.63,9194.48
1000046,Health,Affluent,58.6,1375135.26,0,0.0,6.56,31.34,1025429.16,8711.31
1000047,Home,Mass,29.6,3335364.36,0,0.0,2.79,40.4,4177777.72,14787.72
1000048,Health,Affluent,33.2,1418527.47,0,0.0,2.76,19.07,744159.82,7357.83
1000049,Health,Affluent,32.0,1703272.61,1,148540.99,1.32,38.06,1202799.72,91365.02
1000050,Auto,Mass,52.8,681375.37,0,0.0,2.75,35.45,576862.54,6318.57
1000051,Travel,Mass,7.0,,1,89921.06,2.83,45.54,253697.16,56636.45
1000052,Life,Affluent,146.0,931388.99,0,0.0,6.67,26.74,1054099.67,11930.0
1000053,Travel,Mass,57.4,-250000.0,3,359075.09,8.98,64.15,444095.45,206946.76
1000054,Life,Corporate,26.7,0.0,0,0.0,3.91,26.16,898759.73,13834.6
1000055,Health,Premium,63.7,817280.83,-2,217494.27,1.53,70.64,555986.17,135495.65
1000056,Travel,Affluent,61.8,1121048.23,3,245157.95,-1.5,57.94,465860.6,145444.66
1000057,Auto,Mass,51.6,1097303.55,3,262011.19,12.6,145.0,657604.94,153535.38
1000058,Auto,Mass,65.2,1187675.22,2,308748.31,7.7,-15.0,757283.37,179288.7
1000059,Auto,Affluent,20.5,1056192.1,0,0.0,3.1,35.41,-500000.0,7210.33
1000060,Home,Affluent,35.2,680984.81,1,93412.12,10.25,43.7,671172.65,-12500.0
1000061,Home,Mass,32.4,678408.37,1,135151.93,1.98,39.85,810798.22,82754.88
1000062,Auto,Affluent,51.4,465434.55,4,422025.42,2.96,68.9,256093.46,243558.43
1000063,Life,Premium,28.3,2401913.61,0,0.0,12.93,38.7,3779834.51,20500.83
1000064,Home,Mass,51.8,906682.62,0,0.0,3.94,35.25,1104665.04,7772.07
1000065,Auto,Mass,59.8,795304.92,1,69142.09,10.05,51.84,635761.67,47922.19
1000066,Health,Premium,51.0,539994.59,2,219935.63,5.09,61.77,260345.5,133582.86
1000067,Auto,Mass,45.7,4523343.04,0,0.0,7.63,44.19,3898546.85,17881.94
1000068,Life,Mass,29.2,498729.74,1,74556.11,3.28,48.64,707460.24,51064.56
1000069,Auto,Mass,31.0,710897.61,0,0.0,7.26,37.22,582207.55,7186.44
1000070,Travel,Mass,58.2,1131280.01,3,445210.76,5.69,54.96,658995.34,253591.86
1000071, auto ,Affluent,52.1,1252017.96,1,58759.68,3.48,41.5,1880539.46,44893.64
1000072,AUTO,Affluent,41.5,1524249.43,1,137204.39,4.33,47.07,1372763.98,88025.52
1000073,health ,Mass,36.6,2432268.02,1,107680.76,1.93,50.34,3022913.7,70156.35
1000074,Lifee,Premium,18.0,1188897.25,1,123049.55,7.83,59.16,1884153.15,82062.38
1000075,Home ,Premium,28.1,503497.03,0,0.0,11.3,42.25,512689.73,10348.4
1000076,Health, mass ,66.8,781390.44,0,0.0,3.8,35.71,606096.81,12090.11
1000077,Life,AFFLUENT,25.4,1066036.21,0,0.0,5.85,29.41,1589215.1,9733.12
1000078,Auto,premium ,44.5,2807133.36,1,88813.73,3.92,61.43,2302120.65,63366.68
1000079,Home,Corporrate,55.1,417215.03,3,451944.22,4.04,59.32,304022.91,263711.88
1000080,Auto,Mass  ,25.7,1743782.43,1,99959.49,1.28,41.68,1481990.25,67082.85
0001000081,Life,Mass,44.4,993612.87,1,118316.88,0.96,38.75,978125.4,74684.8
1000082,Health,Mass,54.2,1426817.27,0,0.0,11.44,52.08,834762.87,9886.06
1000083,Home,Mass,42.2,850902.6,0,0.0,1.17,41.98,973360.3,8422.3
1000084,Auto,Premium,79.3,566261.97,1,95473.71,6.65,47.72,572798.53,65282.94
1000085,Home,Affluent,20.3,1360183.36,0,0.0,8.68,26.71,1892425.34,9898.1
1000086,Home,Affluent,55.8,1289915.29,1,56694.5,6.28,50.12,1379950.8,39226.51
1000087,Health,Mass,39.8,1536136.99,0,0.0,4.6,38.26,1114987.62,9170.19
1000088,Health,Affluent,52.0,893438.24,0,0.0,11.77,46.47,772415.73,8289.5
1000089,Life,Premium,47.7,647094.7,1,74783.53,2.45,50.03,756138.72,54975.52
1000090,Home,Mass,32.5,381863.0,0,0.0,2.2,34.49,380448.09,7855.16
1000091,Auto,Premium,45.0,30000000.0,1,102923.89,5.12,41.79,925436.64,68086.16
1000092,Health,Corporate,18.0,45000000.0,2,140266.17,5.65,45.04,835546.94,91494.26
1000093,Life,Mass,49.8,529119.51,0,0.0,12.64,36.31,60000000.0,8722.72
1000094,Health,Affluent,45.9,669264.43,0,0.0,4.25,38.38,75000000.0,8510.19
1000095,Life,Mass,50.3,696228.16,0,10000000.0,17.99,40.38,1226783.7,9211.83
1000096,Home,Premium,55.8,398119.94,0,15000000.0,13.21,35.18,444541.69,10762.93
1000097,Health,Affluent,46.8,574022.99,0,0.0,6.69,99.0,485866.13,10383.53
1000098,Home,Affluent,43.9,482406.96,1,52011.19,12.03,42.77,501629.86,2500000.0
1000099,Auto,Premium,30.5,717326.64,0,0.0,12.34,30.03,881723.99,3200000.0
1000100,Auto,Mass,32.7,599509.09,1,12000000.0,1.63,40.44,338757.91,30508.88
1000101,Auto,Premium,57.4,367801.01,0,0.0,9.2,43.53,339855.67,9630.98
1000102,Health,Affluent,60.7,2737552.06,1,82049.03,6.19,49.63,1803615.24,57599.78
1000103,Home,Mass,38.9,1792366.63,0,0.0,2.62,40.71,2031052.93,9863.72
1000104,Health,Affluent,42.6,586360.09,1,161658.58,5.02,51.36,343580.58,99576.58
1000105,Life,Premium,30.2,1045474.92,1,82779.9,12.91,51.49,1365996.15,58266.22
1000106,Auto,Mass,57.2,1132293.57,3,390707.0,8.92,63.29,1049061.21,224886.65
1000107,Home,Premium,50.7,,1,111212.99,3.55,39.36,2292152.81,74719.35
1000108,Life,Premium,67.2,573731.78,1,53871.13,14.83,48.61,869762.92,41293.44
1000109,Auto,Mass,30.6,1640987.53,1,71123.25,14.96,35.4,1277712.6,45292.91
1000110,Auto,Corporate,37.1,665838.3,5,642397.05,8.4,81.74,1001300.24,371398.6
1000111,Auto,Mass,45.0,431673.9,0,0.0,8.9,53.01,453381.23,25.0
1000112,Auto,Mass,50.4,1340328.31,2,293660.95,13.6,57.84,1181063.47,40.0
1000113,Travel,Mass,39.2,1830440.44,1,195265.1,8.34,50.33,928973.44,15.0
1000114,Life,Premium,30.7,3735902.49,0,0.0,3.6,37.7,4953886.51,11189.98
1000115,Health,Affluent,53.5,465236.49,1,177087.06,2.87,50.02,334033.62,107728.35
1000116,Life,Mass,51.4,1321867.24,0,0.0,1.33,29.32,2456437.88,10712.82
1000117,Life,Mass,30.1,718383.88,0,0.0,9.15,35.3,925072.15,8504.79
1000118,Auto,Affluent,59.6,1384704.52,1,114941.24,5.97,42.65,878466.06,72563.58
1000119,Life,Mass,57.2,400865.32,1,182735.91,3.01,50.26,704431.57,109538.49
1000120,Health,Premium,43.7,449381.14,0,0.0,0.52,38.41,362583.99,11494.31
1000121,Life,Premium,43.0,587375.09,1,93821.12,1.54,58.8,764618.21,65457.55
1000122,Life,Affluent,49.2,939948.41,2,77741.65,9.46,59.44,1214248.42,54021.5
1000123,Home,Corporate,30.8,632575.81,2,177581.93,2.8,50.97,850578.85,112655.28
1000124,Auto,Mass,42.4,1293199.49,0,0.0,2.65,36.66,1145293.15,6750.06
1000125,Auto,Corporate,18.0,1583173.73,2,233159.46,3.57,57.89,992630.1,142273.21
1000126,Home,Affluent,53.4,1251580.47,0,0.0,6.73,40.74,1049213.77,9467.61
1000127,Life,Affluent,21.7,2192347.06,2,104925.56,5.93,49.3,3156911.26,69991.71
1000128,Life,Mass,61.5,1131273.66,2,127611.98,6.59,56.04,1938128.44,80285.25
1000129,Auto,Premium,37.7,460863.35,0,0.0,2.56,34.67,340187.2,10189.85
1000130,Health,Mass,39.2,1905027.73,2,158756.03,7.1,51.09,1680563.07,97231.11
1000131,Home,Mass,33.8,645199.02,1,94386.85,10.96,29.41,586953.94,59474.32
1000132,Auto,Mass,38.3,1484933.01,2,150597.31,0.35,39.78,1266332.96,90233.65
1000133,Auto,Affluent,60.4,2138689.6,0,0.0,4.42,44.94,2251416.43,7811.29
1000134,Home,Affluent,18.0,1156985.47,3,669596.45,3.81,63.64,1534325.92,381662.08
1000135,Travel,Affluent,58.6,395245.63,1,68994.65,4.52,51.03,264645.06,48412.3
1000136,Home,Premium,46.4,543145.95,0,0.0,2.64,34.36,854976.71,11377.8
1000137,Health,Mass,26.3,1862927.06,1,66193.74,5.31,31.39,1453954.71,48929.76
1000138,Health,Affluent,28.0,820059.82,0,0.0,3.56,40.86,771246.35,9708.18
1000139,Home,Mass,63.8,940263.55,2,111195.86,2.04,52.26,958635.86,71534.15
1000140,Travel,Premium,29.7,1366145.01,2,81505.06,7.54,53.24,673568.47,54958.4
1000141,Travel,Premium,27.0,1319980.63,1,128764.35,11.91,44.37,655520.01,81841.68
1000142,Auto,Affluent,56.8,1049149.02,0,0.0,5.4,45.04,909349.71,9663.53
1000143,Home,Affluent,46.4,802415.99,0,0.0,9.2,,732247.66,8782.59
1000144,Home,Mass,29.8,757805.77,1,199349.69,8.72,44.94,577624.07,117832.59
1000145,Auto,Mass,44.8,1442653.08,2,274498.44,13.99,51.22,956414.45,159337.28
1000146,Auto,Premium,28.7,1220307.32,1,120904.44,8.61,37.56,900750.34,76785.95
1000147,Health,Mass,56.3,781237.94,0,0.0,5.91,34.84,643050.75,8917.94
1000148,Health,Mass,55.8,1631991.84,1,50995.61,4.45,31.28,1205587.12,35431.85
1000149,Auto,Affluent,48.9,838341.89,0,0.0,3.24,38.69,640723.38,8781.99
1000150,Auto,Premium,46.7,563394.77,1,66698.24,5.56,56.61,370612.16,48262.86
1000151,Life,Mass,64.9,592861.54,1,168386.13,9.94,55.09,890451.55,103607.21
1000152,Auto,Mass,42.0,525361.87,0,0.0,12.5,40.03,607754.1,6742.54
1000153,Auto,Affluent,26.6,774772.36,0,0.0,3.3,29.92,627970.06,7583.79
1000154,Home,Premium,47.8,1773912.99,1,,3.76,53.21,1339180.38,25894.85
1000155,Travel,Mass,69.1,578010.72,3,218734.78,11.24,63.07,146688.18,129646.81
1000156,Auto,Mass,28.8,998302.6,0,0.0,14.45,46.56,918019.88,7259.4
1000157,Health,Mass,37.3,627168.74,3,288008.5,1.09,50.04,383533.54,167354.55
1000158,Life,Mass,47.4,779946.08,1,78122.03,5.52,40.88,1209832.94,50735.57
1000159,Auto,Mass,41.3,392239.29,0,0.0,8.57,32.35,203784.36,6486.33
1000160,Health,Affluent,29.2,797194.54,0,0.0,8.02,25.26,589539.31,
1000161,Home,Affluent,56.6,809046.83,1,50678.59,1.39,41.59,721043.77,39172.55
1000162,Health,Affluent,72.2,1211425.61,0,0.0,5.54,45.8,860705.7,11476.76
1000163,Health,Mass,44.5,1017597.02,1,43403.13,4.38,40.52,660970.41,32329.81
1000164,Health,Premium,30.2,465577.74,1,114276.18,1.86,15.36,411904.69,70676.65
1000165,Auto,Mass,21.9,1633865.24,0,0.0,8.93,41.53,1202706.3,10227.92
1000166,Life,Corporate,45.4,1010359.45,1,253605.71,12.22,33.89,1668577.5,151620.91
1000167,Home,Affluent,56.4,1003762.98,1,56597.51,5.88,52.22,860196.11,41834.85
1000168,Auto,Mass,48.2,895466.19,1,67445.16,4.45,46.52,886684.65,46043.22
1000169,Auto,Affluent,42.0,676970.82,2,214016.65,6.1,66.25,673500.55,129645.84
1000170,Health,Mass,34.3,1014535.4,1,64301.42,9.33,50.23,603589.35,44360.56
1000171,Health,Affluent,27.8,1169075.33,1,117222.84,0.89,38.28,710206.38,73656.77
1000172,Auto,Mass,52.9,344330.56,1,135622.01,12.8,42.41,213696.8,80930.47
1000173,Health,Mass,53.9,669195.54,2,297620.27,3.48,64.57,339540.64,175396.17
1000174,Auto,Premium,21.9,782249.65,0,0.0,6.87,23.69,579038.62,8780.19
1000175,Health,Mass,62.7,1036172.17,2,141884.03,5.85,57.32,925619.61,87930.09
1000176,Auto,Premium,49.5,1734918.67,1,98545.47,3.63,45.66,1455071.1,65410.79
1000177,Health,Mass,60.2,588712.13,2,723327.78,15.63,53.04,506035.43,406478.11
1000178,Home,Affluent,24.6,684381.66,1,156895.73,8.98,43.58,610685.18,96056.34
1000179,Travel,Affluent,24.2,678918.44,0,0.0,11.21,35.86,308885.65,7512.99
1000180,Auto,Affluent,40.1,579145.99,0,0.0,2.61,41.22,490084.03,8955.73
1000181,Home,Mass,48.5,743554.59,1,91863.76,8.33,47.35,990808.89,61259.46
1000182,Auto,Mass,65.4,1375174.6,0,0.0,6.16,46.5,1798356.53,8257.78
1000183,Travel,Mass,51.2,504105.33,1,38629.52,5.52,47.61,167956.72,28794.06
1000184,Life,Mass,38.8,1138757.1,0,0.0,17.78,33.13,2049738.99,7224.67
1000185,Auto,Affluent,28.7,352957.81,0,0.0,3.4,35.53,173137.97,7972.56
1000186,Health,Corporate,58.0,660937.22,1,122804.13,2.29,43.46,570128.96,80438.11
1000187,Life,Premium,29.5,750827.29,0,0.0,4.49,30.22,1304688.26,10749.03
1000188,Health,Premium,63.2,2261011.56,2,338663.47,9.29,53.74,1352174.99,197825.19
1000189,Health,Premium,38.3,773753.61,0,0.0,12.05,36.79,670531.26,10186.47
1000190,Auto,Affluent,62.7,268194.07,1,79739.66,3.69,49.74,305299.43,53647.25
1000191,Auto,Mass,50.8,299767.11,0,0.0,6.66,46.8,212176.54,8253.85
1000192,Life,Premium,40.2,917003.27,0,0.0,7.93,34.56,1437885.91,12387.88
1000193,Life,Affluent,35.2,1261388.95,1,66606.64,5.61,44.83,2718635.17,48155.86
1000194,Health,Affluent,37.6,1106431.76,0,0.0,5.9,38.29,1133042.25,7760.37
1000195,Home,Mass,47.6,986889.74,2,143345.18,5.53,48.4,884191.96,86894.01
1000196,Home,Mass,43.0,1705540.83,1,39621.41,6.64,45.68,2098922.11,29500.76
1000197,Health,Mass,34.3,668889.98,1,88096.05,4.67,50.26,476332.44,58392.1
1000198,Life,Premium,39.8,1472321.33,4,299048.93,9.92,65.27,1691147.04,180408.28
1000199,Life,Affluent,43.0,366788.94,0,0.0,5.64,40.25,506091.88,9270.54
1000200,Life,Mass,18.0,547122.9,0,0.0,4.35,28.22,1271051.08,6899.3
1000201,Health,Corporate,48.0,333126.4,2,141687.62,3.43,66.53,269898.75,92614.2
1000202,Auto,Mass,29.3,773735.32,4,604161.14,5.01,57.1,697532.51,341196.19
1000203,Auto,Mass,27.0,877389.56,0,0.0,2.87,23.47,677709.89,6992.68
1000204,Life,Mass,20.1,958290.13,0,0.0,13.96,39.64,1198354.46,8588.99
1000205,Health,Affluent,18.7,931159.52,0,0.0,9.69,32.51,675415.5,7095.55
1000206,Auto,Premium,24.4,540362.62,1,90018.68,7.62,38.94,486461.64,61289.56
1000207,Auto,Mass,32.8,810589.94,2,154363.25,7.1,45.59,414793.55,91861.32
1000208,Health,Premium,67.4,394965.77,0,0.0,5.33,57.13,263921.02,12083.18
1000209,Auto,Mass,35.2,1904873.15,0,0.0,4.66,39.42,1710552.95,10528.34
1000210,Auto,Premium,44.3,761583.96,0,0.0,3.45,42.8,622399.51,11090.4
1000211,Health,Affluent,47.2,687806.4,1,127230.99,4.95,47.22,501853.62,79396.6
1000212,Health,Premium,43.7,2156651.24,0,0.0,4.79,40.71,1627267.14,10382.25
1000213,Health,Mass,41.0,454482.39,0,0.0,9.96,48.01,346478.89,7181.03
1000214,Auto,Corporate,26.5,484599.05,1,138004.43,13.56,39.77,560712.7,86875.17
1000215,Health,Affluent,60.9,492489.72,1,184400.69,8.63,38.89,308779.11,110095.52
1000216,Auto,Mass,65.5,867023.0,1,82965.77,2.86,56.18,733477.69,55219.21
1000217,Home,Premium,20.1,1141150.4,0,0.0,1.38,37.1,1372021.27,11812.8
1000218,Life,Mass,28.7,1351832.38,1,129884.07,5.31,42.77,2431634.76,82113.1
1000219,Health,Premium,38.4,3703346.64,1,122293.71,1.66,47.44,2055845.7,79503.85
1000220,Life,Mass,29.5,261179.24,0,0.0,6.43,33.09,390439.36,7654.92
1000221,Health,Affluent,48.6,1257900.5,0,0.0,19.02,40.03,1180015.55,10309.76
1000222,Health,Affluent,32.5,662468.46,1,128378.41,3.32,41.94,475618.36,79818.04
1000223,Auto,Mass,70.1,651883.87,0,0.0,14.03,40.49,577607.95,6835.76
1000224,Home,Mass,57.5,640033.23,1,75404.89,1.38,56.67,833543.01,51709.8
1000225,Auto,Mass,44.8,545974.05,0,0.0,4.29,29.16,341667.2,6575.2
1000226,Auto,Mass,55.4,2273062.73,2,85303.17,2.58,70.9,2434494.04,57863.42
1000227,Travel,Mass,56.4,1430326.89,2,140657.08,3.8,60.74,795820.83,88597.09
1000228,Home,Affluent,34.7,911555.56,0,0.0,0.49,24.38,948363.21,8879.47
1000229,Life,Mass,31.4,1892120.48,0,0.0,11.98,34.54,2157330.61,9363.06
1000230,Health,Mass,43.0,391702.97,2,156182.97,7.96,50.48,221564.51,94787.25
1000231,Life,Affluent,53.2,432900.08,0,0.0,1.7,43.65,661504.53,9511.01
1000232,Health,Mass,43.8,271649.47,2,176832.47,3.07,44.91,237535.53,105546.33
1000233,Health,Premium,21.5,612602.8,2,72757.19,9.75,47.15,505334.03,51788.17
1000234,Home,Premium,31.6,983707.85,1,75368.65,6.84,41.8,796172.82,52138.39
1000235,Auto,Affluent,41.0,952382.73,1,227080.79,6.49,39.57,680920.4,133955.66
1000236,Health,Affluent,41.0,977045.1,1,70165.87,7.02,38.59,670457.03,47822.56
1000237,Auto,Premium,67.6,414185.32,1,64016.65,13.57,57.01,362490.93,46712.38
1000238,Auto,Mass,24.0,1399863.31,1,123804.81,0.47,29.1,1472550.55,76888.62
1000239,Health,Mass,48.6,1026787.11,0,0.0,4.17,43.23,994719.34,7808.96
1000240,Auto,Mass,61.4,1346918.43,1,69230.24,1.47,54.78,1101831.59,48138.65
1000241,Travel,Premium,71.5,317785.16,1,153873.47,3.97,49.91,100000.0,95901.56
1000242,Travel,Mass,36.7,1068183.41,0,0.0,6.88,37.65,424122.82,6286.66
1000243,Life,Affluent,48.4,468306.91,0,0.0,11.71,47.99,857745.02,10865.86
1000244,Home,Corporate,49.4,723331.03,2,89706.32,5.2,48.14,960516.21,63359.57
1000245,Auto,Premium,44.5,1207485.6,3,220931.97,7.15,54.29,834601.25,132425.9
1000246,Travel,Affluent,40.7,946240.01,1,109719.84,7.96,41.19,435934.24,67588.79
1000247,Home,Mass,47.7,563432.63,1,111949.39,8.46,54.34,683018.25,71452.8
1000248,Travel,Premium,18.0,903110.58,1,94842.2,5.65,48.71,639464.11,62650.91
1000249,Travel,Affluent,50.9,387629.64,0,0.0,0.96,30.62,190701.42,7575.29
1000250,Life,Mass,43.6,1694328.59,1,217281.82,3.62,52.34,2590686.68,131647.7
1000251,Auto,Mass,39.1,803910.99,0,0.0,7.39,43.54,666409.38,7108.49
1000252,Home,Premium,68.6,1665028.02,1,104089.87,4.48,61.67,1312235.14,74400.97
1000253,Life,Affluent,33.2,673711.74,1,83392.46,6.12,45.71,803856.08,56692.24
1000254,Home,Premium,36.8,674807.84,1,426893.8,7.28,43.48,541145.56,246700.44
1000255,Auto,Premium,,591163.15,0,0.0,4.29,52.15,583510.75,12080.09
1000256,Health,Affluent,31.2,1457226.76,0,0.0,2.1,40.95,951116.52,9610.25
1000257,Travel,Affluent,34.8,609237.17,0,0.0,1.23,52.58,214424.47,9583.54
1000258,Health,Mass,40.1,1282956.23,0,0.0,7.81,44.73,748729.26,9482.4
1000259,Health,Mass,52.9,729271.39,0,0.0,6.72,41.92,436267.93,8350.2
1000260,Auto,Mass,44.7,303570.83,2,102295.55,2.21,43.82,320629.26,64993.65
1000261,Health,Premium,25.2,657682.33,0,0.0,1.18,30.68,463277.2,10272.39
1000262,Travel,Affluent,35.1,470542.01,0,0.0,11.99,26.87,229600.75,5920.0
1000263,Auto,Premium,34.1,916939.29,1,67966.24,3.3,41.7,762253.97,47938.12
1000264,Health,Mass,41.0,467626.78,0,0.0,12.21,44.7,411455.15,6579.96
1000265,Life,Affluent,47.5,1497692.8,2,359096.87,7.64,52.63,2143004.58,211761.4
1000266,Life,Affluent,47.4,856027.96,1,165465.52,10.96,53.29,1025449.72,101696.07
1000267,Health,Affluent,18.9,816246.97,1,125586.98,6.62,42.22,558434.57,76196.18
1000268,Health,Affluent,55.8,1290952.3,0,0.0,3.0,38.66,931521.88,12085.15
1000269,Home,Mass,45.3,1529266.64,1,69619.93,15.61,46.28,1831382.34,46616.96
1000270,Auto,Affluent,60.0,890105.9,0,0.0,4.27,45.7,848719.76,9027.19
1000271,Life,Mass,47.8,588887.17,0,0.0,9.31,40.68,765148.24,9900.68
1000272,Life,Mass,56.3,339241.24,1,43573.68,10.88,49.14,434088.69,32139.57
1000273,Life,Affluent,48.1,617122.41,0,0.0,3.42,34.39,933832.98,10878.21
1000274,Life,Affluent,59.5,640934.99,1,161955.93,8.64,45.76,1052840.46,99268.37
1000275,Health,Corporate,48.8,954584.69,1,268298.1,7.93,62.24,435933.13,161353.5
1000276,Health,Affluent,40.7,744389.17,0,0.0,12.22,46.76,417052.38,10165.04
1000277,Life,Affluent,71.5,1313903.69,3,488911.47,13.16,54.12,1859160.34,283263.6
1000278,Health,Affluent,53.6,642427.5,0,0.0,2.55,24.41,533012.39,8339.49
1000279,Health,Affluent,49.5,872202.94,2,100420.43,6.92,53.61,688960.2,66134.57
1000280,Life,Mass,25.4,1726044.85,1,145159.43,1.2,47.54,3023820.31,93598.83
1000281,Life,Mass,25.3,1086154.36,4,449896.94,4.48,57.12,2104727.97,257355.46
1000282,Home,Mass,45.8,870766.72,0,0.0,18.73,46.43,799871.91,7953.74
1000283,Home,Mass,43.9,646339.77,1,79791.45,2.71,45.77,492902.01,51850.88
1000284,Auto,Mass,34.0,635312.81,0,0.0,4.38,35.54,390624.16,5704.14
1000285,Health,Mass,43.8,563719.89,1,42937.75,4.54,50.64,315213.82,32366.31
1000286,Auto,Mass,62.7,668369.38,1,,20.0,45.76,530041.63,40653.46
1000287,Home,Corporate,51.0,1363773.78,1,45035.03,6.55,44.92,1364654.34,38558.16
1000288,Health,Mass,27.2,796602.82,0,0.0,8.53,39.87,558736.61,7264.49
1000289,Auto,Affluent,40.6,428383.82,0,0.0,1.45,37.9,346574.85,7595.58
1000290,Health,Mass,31.5,2380076.42,1,61074.05,6.68,56.0,1540742.11,44149.69
1000291,Auto,Affluent,37.0,1073173.71,1,49082.06,5.71,48.69,756750.26,37386.63
1000292,Auto,Mass,36.6,415123.43,0,0.0,1.3,41.66,278994.43,7643.77
1000293,Life,Mass,35.8,705832.43,1,40252.77,2.67,43.23,1275314.81,32459.67
1000294,Home,Affluent,25.7,956597.08,0,0.0,3.95,40.97,898468.18,9254.53
1000295,Auto,Mass,40.3,2298289.47,0,0.0,5.98,35.82,1516469.67,7058.53
1000296,Health,Mass,34.7,489279.02,1,119489.71,6.33,45.31,370944.39,74114.75
1000297,Life,Mass,18.0,1539506.45,0,0.0,1.61,26.75,2650377.74,11596.87
1000298,Auto,Mass,68.7,1943240.65,0,0.0,4.04,51.59,1017323.55,9275.08
1000299,Health,Mass,56.2,636914.16,1,197202.15,6.07,50.09,525446.44,116803.23
1000300,Auto,Mass,37.1,772600.64,1,86240.08,6.89,57.74,440119.99,56975.68
1000301,Auto,Premium,42.2,508988.12,1,79141.41,2.34,61.74,329510.82,55784.35
1000302,Health,Affluent,26.8,804717.38,0,0.0,10.12,40.43,624479.92,9431.39
1000303,Health,Affluent,64.0,882068.99,0,0.0,18.34,43.77,622014.77,8718.36
1000304,Health,Mass,66.7,1293623.23,0,0.0,6.21,37.24,913235.7,6967.07
1000305,Health,Corporate,44.0,1639252.58,0,0.0,4.97,45.22,1300457.47,16068.0
1000306,Travel,Mass,55.3,596418.1,1,49448.85,5.77,49.34,207139.12,35044.93
1000307,Health,Mass,44.3,305016.53,1,49739.98,7.1,49.21,333094.26,35066.57
1000308,Home,Affluent,24.6,889545.03,2,168794.72,5.05,59.73,899642.95,103296.65
1000309,Life,Mass,36.6,1057687.72,0,0.0,12.34,31.49,2193515.48,6240.2
1000310,Auto,Mass,43.7,1032330.86,0,0.0,8.49,32.35,960416.25,6197.19
1000311,Home,Affluent,36.1,751991.09,0,0.0,6.54,35.49,745687.6,10602.54
1000312,Auto,Premium,39.2,963920.11,0,0.0,4.98,43.56,645482.47,10336.35
1000313,Auto,Affluent,40.8,2071212.38,1,51144.13,2.64,48.56,1656460.41,41351.17
1000314,Travel,Affluent,40.9,1110258.95,0,0.0,7.87,31.94,783790.32,7645.72
1000315,Life,Corporate,42.7,732924.09,2,70534.38,8.82,56.89,1453472.98,52986.34
1000316,Health,Mass,28.2,683540.54,1,321814.11,3.69,33.5,519620.09,183817.93
1000317,Home,Mass,32.7,819730.78,0,0.0,12.13,30.53,755013.37,5556.39
1000318,Auto,Mass,25.3,2214101.03,0,0.0,5.69,33.96,1585422.04,6690.86
1000319,Auto,Mass,54.7,813689.93,2,81587.07,8.92,50.36,698313.29,52457.24
1000320,Auto,Mass,18.0,890254.94,0,0.0,7.44,39.39,1101613.78,5439.52
1000321,Health,Premium,57.0,690297.25,0,0.0,3.0,43.74,561258.77,12522.52
1000322,Health,Affluent,60.0,1647205.69,1,132283.96,16.66,61.26,872361.13,84100.22
1000323,Health,Affluent,38.1,2644679.73,0,0.0,5.62,35.85,1704384.59,9082.56
1000324,Auto,Mass,18.0,1153126.17,1,46615.02,4.34,38.8,846457.73,33609.47
1000325,Travel,Premium,37.3,941919.54,1,165496.99,7.56,52.38,471755.61,101825.52
1000326,Health,Corporate,41.2,918392.92,0,0.0,15.09,37.62,666895.8,9613.06
1000327,Health,Premium,28.9,242505.9,0,0.0,2.52,46.01,210371.98,12630.25
1000328,Health,Mass,35.3,1355909.52,2,112625.81,9.16,53.75,1122368.18,71712.27
1000329,Home,Affluent,61.9,968924.11,2,114756.58,4.81,39.35,1171782.48,72665.83
1000330,Auto,Mass,50.6,1139087.62,1,139368.48,9.96,55.08,977808.86,83519.66
1000331,Home,Mass,30.0,608556.99,1,47478.27,9.55,48.68,497961.56,33538.75
1000332,Life,Mass,21.2,728467.84,2,120542.82,1.76,53.53,1000797.6,78803.49
1000333,Auto,Affluent,37.7,717900.55,2,319161.49,4.62,37.13,447014.78,184972.45
1000334,Auto,Affluent,39.2,1578590.13,0,0.0,3.12,33.19,1274884.74,9814.08
1000335,Auto,Mass,48.5,730753.98,0,0.0,11.04,35.74,690471.44,5504.36
1000336,Auto,Mass,35.0,2829507.48,1,257502.08,7.75,37.52,2249900.34,153609.35
1000337,Life,Mass,48.6,1140667.73,1,77302.78,11.68,58.6,1700361.26,54305.93
1000338,Health,Mass,67.2,446200.9,1,105364.1,9.59,50.39,360316.79,66829.73
1000339,Home,Mass,52.6,838566.85,0,,3.83,40.52,931868.5,8854.16
1000340,Auto,Mass,41.4,628900.74,1,32348.81,3.66,48.67,393932.6,24836.13
1000341,Home,Affluent,39.6,269208.02,0,0.0,7.11,41.9,334291.07,8272.98
1000342,Home,Mass,37.4,2169178.45,0,0.0,19.73,14.08,2260608.03,5410.21
1000343,Auto,Mass,57.3,1324940.94,0,0.0,5.08,37.29,1110900.07,8376.47
1000344,Home,Mass,33.8,1206717.07,2,296702.7,7.14,39.76,1272566.65,170154.15
1000345,Home,Corporate,42.6,985714.52,2,121791.81,9.27,54.37,1406807.06,81755.2
1000346,Health,Affluent,42.7,420853.63,2,244024.53,5.69,49.56,247372.7,143870.0
1000347,Health,Affluent,35.5,689802.51,0,0.0,19.94,37.11,755321.03,8577.02
1000348,Auto,Mass,24.2,1429920.59,0,0.0,4.52,,895532.56,6519.02
1000349,Home,Affluent,46.2,504831.01,0,0.0,2.43,37.19,472421.86,8338.27
1000350,Health,Mass,41.2,,1,109876.98,9.46,52.57,109417.82,69163.34
1000351,Health,Affluent,48.5,794320.04,2,307226.81,3.08,62.74,735328.27,179679.29
1000352,Life,Premium,35.1,832495.74,1,30406.04,4.7,48.45,975674.64,30872.77
1000353,Health,Affluent,57.9,969668.87,0,0.0,6.9,32.58,588998.88,7955.55
1000354,Auto,Premium,30.6,1343562.59,1,70734.87,4.98,51.25,1121763.41,51326.01
1000355,Auto,Affluent,64.3,1278033.64,0,0.0,6.42,48.4,1609005.96,10905.52
1000356,Health,Mass,19.3,1037654.5,2,395847.62,6.14,45.62,949101.7,226807.3
1000357,Auto,Premium,47.7,1737038.67,2,134172.38,17.03,38.51,1281718.51,85247.83
1000358,Health,Mass,48.2,390317.84,0,0.0,8.02,46.47,123719.44,7760.29
1000359,Travel,Affluent,31.7,1187867.26,1,80059.5,5.45,38.52,628182.91,53275.06
1000360,Health,Mass,47.5,1270277.76,0,0.0,3.91,42.08,1005637.31,8907.62
1000361,Home,Mass,58.6,455153.86,2,671816.33,4.02,55.58,555748.29,378284.57
1000362,Health,Mass,18.0,393789.27,0,0.0,1.04,43.93,258917.7,8226.97
1000363,Home,Mass,48.5,597125.07,0,0.0,13.37,39.0,702583.46,6843.15
1000364,Health,Affluent,18.0,625497.27,1,138262.48,5.27,39.55,279370.14,84428.68
1000365,Travel,Affluent,29.4,1362089.87,2,129958.21,8.48,59.73,1117712.71,82204.86
1000366,Home,Mass,63.2,,3,669717.91,5.92,57.99,917668.75,378933.97
1000367,Travel,Mass,34.4,561944.49,3,,7.37,61.98,327553.61,57181.23
1000368,Life,Affluent,26.7,642904.51,1,57343.62,2.59,40.19,983241.16,43203.9
1000369,Auto,Mass,39.4,1665103.47,0,0.0,9.97,30.86,1127492.19,8213.17
1000370,Auto,Affluent,68.9,906479.68,2,230699.77,1.69,57.36,679971.4,138352.92
1000371,Auto,Affluent,18.2,815504.3,0,0.0,5.03,38.04,999166.34,9474.01
1000372,Auto,Premium,28.3,847161.83,1,104962.25,7.57,51.41,740520.16,69431.97
1000373,Auto,Affluent,61.5,1831751.6,1,86849.14,7.96,59.55,1473881.88,60527.36
1000374,Health,Mass,66.2,596065.35,1,79105.14,4.13,48.19,459410.26,52562.51
1000375,Auto,Affluent,40.7,1855527.54,2,210798.69,1.58,44.23,1581067.7,126490.05
1000376,Home,Mass,25.9,1010466.85,0,0.0,8.06,32.67,1134927.56,10117.82
1000377,Life,Mass,69.2,823994.7,0,0.0,4.14,36.16,1559578.86,8601.46
1000378,Auto,Premium,62.7,3561332.45,1,475742.25,7.9,47.98,3119629.6,279992.37
1000379,Life,Mass,50.8,503605.41,0,0.0,5.78,37.99,811007.9,7130.92
1000380,Auto,Premium,31.4,740901.43,1,21807.69,1.82,47.71,633424.26,24136.3
1000381,Auto,Premium,41.4,456942.51,0,0.0,9.29,22.86,349136.65,9008.53
1000382,Health,Premium,39.9,1519670.55,1,87013.83,2.6,39.35,1041194.57,57407.33
1000383,Health,Premium,46.3,2278901.2,2,283733.45,3.63,47.31,1412670.73,169305.21
1000384,Life,Mass,60.9,2254880.58,2,201359.07,12.74,63.9,2551746.83,125314.49
1000385,Health,Mass,53.4,1764401.08,0,0.0,5.76,33.16,1057852.96,7981.05
1000386,Life,Affluent,28.0,807306.59,1,79285.36,4.17,43.45,1041275.79,54873.56
1000387,Auto,Mass,59.9,736207.66,4,258551.36,20.0,67.48,519049.27,151740.01
1000388,Auto,Affluent,46.1,358974.51,0,0.0,2.42,46.64,350721.57,8394.42
1000389,Life,Affluent,50.9,2757625.35,1,95010.17,11.47,51.08,3963359.47,74448.71
1000390,Life,Affluent,61.1,1164832.65,3,394433.03,6.34,62.98,1815374.2,229888.26
1000391,Travel,Mass,27.5,686645.72,0,0.0,1.2,31.38,419777.9,6669.88
1000392,Home,Mass,41.5,1868378.18,0,0.0,4.77,25.37,2649301.32,7297.47
1000393,Home,Mass,35.1,527091.56,0,0.0,16.09,38.65,468333.67,5318.45
1000394,Life,Mass,21.6,1125561.03,1,157537.9,10.9,44.17,1721649.71,95057.89
1000395,Home,Premium,46.5,818479.82,1,98688.81,2.64,34.91,837394.41,64019.89
1000396,Travel,Mass,74.7,1278786.92,2,198605.06,6.86,49.99,739572.47,119173.2
1000397,Life,Mass,18.1,869074.9,0,0.0,5.42,34.94,1583428.66,8169.72
1000398,Home,Mass,41.6,405201.48,2,100969.31,5.28,53.72,534292.99,64440.37
1000399,Life,Affluent,50.3,938198.71,1,91867.85,3.91,39.84,1758024.14,59990.73
1000400,Life,Affluent,43.6,1602419.64,1,41591.05,6.34,41.27,2441983.29,35064.58
1000401,Auto,Mass,40.5,885653.46,0,0.0,3.46,25.26,557731.04,5315.54
1000402,Life,Mass,25.1,1378440.52,1,56925.13,10.35,50.87,2566711.87,44868.12
1000403,Health,Mass,45.0,506413.51,4,411105.91,5.26,56.01,418205.65,235712.97
1000404,Life,Mass,32.2,887094.33,1,100237.31,10.89,46.57,1139314.9,63852.37
1000405,Home,Affluent,18.0,638367.42,0,0.0,3.77,32.92,735091.08,9737.54
1000406,Life,Affluent,57.5,1357274.91,1,88370.88,3.74,57.38,1954106.29,61915.48
1000407,Home,Mass,54.5,915724.1,1,71539.65,5.5,42.14,976203.07,48021.59
1000408,Auto,Mass,42.7,1315451.57,2,351071.02,3.37,52.02,1163879.96,200677.91
1000409,Life,Corporate,45.0,1637024.42,2,372512.66,5.19,40.21,2410304.45,220406.38
1000410,Auto,Mass,56.0,1316569.78,0,0.0,3.51,27.94,1212875.48,7295.39
1000411,Home,Affluent,44.9,1045875.8,1,142687.47,7.25,49.76,1260889.15,91024.11
1000412,Travel,Mass,53.8,519765.64,0,0.0,2.94,28.53,246626.44,5427.85
1000413,Travel,Affluent,38.1,898621.93,2,198229.99,9.63,48.99,464302.04,119807.5
1000414,Health,Mass,59.1,671285.84,2,148596.24,5.92,62.27,611626.51,92258.76
1000415,Health,Affluent,46.2,744832.67,1,194201.96,4.73,51.08,414489.63,115911.51
1000416,Home,Corporate,44.5,732454.32,1,36013.83,2.32,40.84,778416.72,32463.87
1000417,Auto,Mass,25.5,525019.65,0,0.0,2.07,23.69,300350.59,6380.24
1000418,Home,Mass,45.7,306696.46,1,143769.93,15.51,49.33,432232.0,87877.36
1000419,Health,Mass,31.2,623230.28,0,0.0,7.79,45.46,529142.39,7902.96
1000420,Life,Mass,33.7,1000998.68,1,208143.74,7.54,38.48,1446379.15,123804.91
1000421,Life,Mass,31.4,428760.03,0,0.0,3.58,30.48,979143.86,6679.87
1000422,Life,Mass,28.1,907796.28,0,0.0,8.41,31.72,1710447.87,10613.88
1000423,Auto,Affluent,69.6,2559436.5,2,365531.19,5.5,61.52,2331914.48,212450.94
1000424,Home,Mass,59.3,1579835.28,1,81443.56,4.62,57.35,1827144.73,57417.72
1000425,Auto,Mass,67.0,2222399.16,1,138585.79,2.37,41.76,2093387.28,88459.32
1000426,Health,Premium,26.1,1116009.99,2,497639.55,7.22,37.45,579854.06,284596.69
1000427,Home,Mass,42.9,1710472.91,0,0.0,16.43,55.02,1783844.8,11526.05
1000428,Life,Corporate,25.2,604386.66,0,0.0,12.66,33.5,962343.48,14642.94
1000429,Home,Mass,33.0,631442.96,1,76715.68,9.99,44.72,517820.75,50464.69
1000430,Auto,Premium,30.1,199510.66,2,65807.94,2.5,43.97,100000.0,46744.25
1000431,Auto,Affluent,58.1,1728094.74,0,0.0,2.44,45.41,1804316.52,10644.65
1000432,Life,Premium,36.8,2099748.7,2,100168.5,8.79,57.03,2971735.37,69258.19
1000433,Health,Corporate,55.9,663910.45,0,0.0,6.28,43.59,441314.58,12320.66
1000434,Auto,Mass,49.9,782677.96,0,0.0,4.62,52.35,681522.3,8867.45
1000435,Auto,Corporate,71.9,594529.66,1,62935.58,4.0,49.24,249139.08,47904.42
1000436,Health,Mass,22.8,1110820.51,1,86070.38,0.97,38.87,969121.12,56115.4
1000437,Auto,Mass,58.4,,2,220629.44,8.35,56.66,1336314.94,129267.4
1000438,Life,Mass,56.9,345112.41,0,0.0,6.1,44.97,576185.55,8813.7
1000439,Health,Affluent,29.3,1127305.96,0,0.0,3.32,37.25,679029.98,9962.16
1000440,Auto,Mass,55.1,772958.44,0,0.0,14.64,32.33,491332.12,5029.35
1000441,Auto,Affluent,46.4,957917.52,1,57478.53,2.58,48.09,948039.54,41613.93
1000442,Travel,Affluent,39.0,1158453.8,1,100587.24,2.38,41.67,625514.96,62907.54
1000443,Home,Premium,31.3,811499.22,1,283503.73,4.94,38.52,720963.98,166029.79
1000444,Home,Premium,32.7,850157.81,0,0.0,7.44,36.61,1038872.27,11916.91
1000445,Life,Mass,68.6,800121.36,0,0.0,12.44,37.57,992198.88,8160.74
1000446,Travel,Mass,42.0,1534666.96,1,44705.05,6.72,36.99,937649.6,33773.76
1000447,Travel,Mass,52.2,1133100.25,2,157196.6,9.34,35.37,402383.54,93356.16
1000448,Life,Mass,31.7,1016088.48,1,97139.21,10.04,54.91,1345572.02,64598.17
1000449,Home,Mass,31.9,447363.43,0,0.0,10.61,40.1,452410.85,6633.24
1000450,Auto,Mass,56.1,730826.37,4,136937.15,6.73,66.72,587033.48,85231.71
1000451,Life,Mass,24.5,1475368.11,0,0.0,6.72,29.91,2104144.93,7729.72
1000452,Health,Corporate,36.6,918854.59,0,0.0,3.78,17.12,600924.26,9718.92
1000453,Home,Affluent,42.4,1293538.9,0,0.0,5.35,33.44,1135522.79,10049.53
1000454,Life,Mass,43.4,2377907.68,0,0.0,4.27,43.77,4300806.66,16110.69
1000455,Auto,Affluent,39.7,1593404.34,1,161070.71,7.47,51.02,1529408.48,99811.96
1000456,Home,Mass,47.1,947315.17,3,130064.21,11.7,63.57,908459.46,81155.79
1000457,Auto,Mass,51.0,679495.57,0,0.0,4.27,41.53,537302.91,7579.16
1000458,Home,Affluent,51.6,220951.34,1,145563.55,8.92,56.17,157689.35,89447.63
1000459,Auto,Affluent,29.2,820392.64,0,0.0,2.3,33.32,610756.31,9222.64
1000460,Auto,Mass,38.3,752264.42,0,0.0,9.35,45.22,509081.88,6377.87
1000461,Auto,Corporate,57.5,1115542.56,0,0.0,3.02,39.16,715674.61,11592.15
1000462,Health,Premium,53.6,826952.2,1,99796.53,17.0,41.33,726897.6,65474.31
1000463,Life,Affluent,24.2,754596.36,0,0.0,8.49,27.47,1244201.23,9366.31
1000464,Health,Affluent,46.6,338229.73,1,179462.6,9.6,38.49,307152.48,107000.87
1000465,Travel,Affluent,18.0,536685.6,0,0.0,11.24,37.77,335422.72,7120.26
1000466,Home,Mass,42.6,1169758.78,0,0.0,4.41,33.38,1150053.48,9231.59
1000467,Auto,Mass,66.7,2312637.58,1,152089.99,5.57,43.14,1801392.07,90317.22
1000468,Life,Mass,29.7,852996.81,2,150088.96,4.04,53.73,1331775.68,91434.78
1000469,Auto,Mass,31.2,1077814.71,1,52557.91,4.02,44.85,758373.43,36894.49
1000470,Travel,Affluent,51.9,1519684.08,1,72669.2,1.43,53.86,872423.73,49431.04
1000471,Auto,Mass,21.9,576170.2,0,0.0,6.62,37.62,429447.11,7588.66
1000472,Travel,Corporate,33.8,1101185.37,2,132493.49,5.97,44.36,462941.54,84753.68
1000473,Auto,Premium,49.8,598918.31,1,221624.68,1.2,47.18,594054.18,134511.17
1000474,Life,Affluent,33.8,1448158.76,0,0.0,8.36,37.5,3015102.41,14504.55
1000475,Health,Affluent,38.9,978153.33,2,118452.47,4.96,,803522.18,76204.08
1000476,Travel,Premium,51.7,1060550.36,1,142098.48,3.82,39.34,648185.88,90296.08
1000477,Auto,Mass,47.5,585206.94,3,142487.43,6.68,54.38,511184.24,87125.17
1000478,Health,Premium,45.5,1327778.55,0,0.0,5.15,53.46,1364024.14,11596.77
1000479,Travel,Mass,37.6,2832703.6,1,138346.71,20.0,41.08,1715128.97,83902.75
1000480,Health,Premium,46.8,517000.24,3,399235.1,15.35,67.63,442604.62,232191.17
1000481,Health,Mass,40.4,746598.31,0,0.0,10.64,34.81,602329.94,6184.24
1000482,Health,Premium,48.0,1022267.9,0,0.0,1.93,45.97,882129.71,12078.83
1000483,Home,Corporate,35.5,,2,60357.32,7.45,56.34,1235941.94,48127.76
1000484,Health,Mass,39.6,661588.86,1,85487.89,9.15,51.09,466499.14,54896.64
1000485,Health,Mass,29.1,189469.51,0,0.0,13.86,38.32,234451.88,6325.15
1000486,Life,Corporate,41.5,1900645.77,3,165063.79,6.49,67.48,2120767.45,109958.46
1000487,Auto,Affluent,31.5,1367409.19,0,0.0,7.12,38.77,894243.78,9732.33
1000488,Auto,Premium,27.5,345079.08,0,0.0,2.39,47.25,282281.55,10023.48
1000489,Travel,Affluent,45.4,644343.47,0,0.0,2.13,27.84,391093.34,7099.18
1000490,Life,Mass,44.8,,0,0.0,2.81,41.49,2497971.26,10668.56
1000491,Home,Mass,52.2,1995565.59,1,223757.74,2.16,49.16,1995484.68,131765.7
1000492,Health,Mass,36.4,1508161.71,1,46662.45,6.07,37.15,1408117.7,33820.01
1000493,Auto,Premium,47.3,816913.26,2,369402.69,5.26,56.66,779724.41,215687.45
1000494,Auto,Mass,49.2,942030.68,3,935923.43,5.92,49.08,845047.57,523888.32
1000495,Home,Affluent,47.8,837470.11,1,111651.04,6.49,41.63,746540.61,71137.39
1000496,Home,Affluent,31.3,1673925.33,0,0.0,12.23,22.09,1580505.92,6985.65
1000497,Health,Affluent,43.9,555951.71,0,0.0,13.77,49.78,493521.03,10664.71
1000498,Auto,Premium,46.7,577786.81,0,0.0,13.56,37.86,539213.79,10122.8
1000499,Travel,Corporate,42.1,1568767.86,0,0.0,7.8,53.63,715956.73,14051.31
1000500,Travel,Mass,18.0,878306.8,0,0.0,3.5,38.78,382865.07,7768.13
1000501,Health,Premium,44.1,1920905.19,0,0.0,2.47,42.04,1833637.55,13035.27
1000502,Health,Premium,70.8,622076.48,1,73927.49,1.81,47.16,390409.78,53525.09
1000503,Home,Affluent,37.3,873289.11,1,105947.82,7.76,36.59,1028216.66,67640.64
1000504,Life,Corporate,32.5,541892.49,3,141114.14,5.76,59.52,774650.71,93411.01
1000505,Health,Mass,46.9,903651.92,0,0.0,4.92,39.01,717746.68,8235.42
1000506,Auto,Mass,46.1,,4,226945.99,9.45,55.96,319769.4,134315.52
1000507,Life,Premium,57.5,688280.45,1,170419.88,5.69,37.73,725906.3,106830.84
1000508,Life,Mass,25.6,408484.98,1,322199.33,18.28,34.63,489574.22,184764.14
1000509,Travel,Premium,51.5,1318239.67,1,39277.56,1.85,59.78,682487.56,34857.98
1000510,Health,Premium,49.7,1334776.18,0,0.0,6.21,55.62,875394.04,13386.18
1000511,Health,Mass,40.2,347494.99,2,134444.1,1.33,52.47,255432.98,83366.1
1000512,Home,Premium,46.4,1874377.58,0,,8.92,40.45,1546918.05,13983.42
1000513,Travel,Mass,55.4,3554512.08,0,0.0,1.88,39.03,2093718.46,9106.25
1000514,Life,Affluent,,923063.73,3,435384.44,6.66,53.89,1038990.07,252900.08
1000515,Auto,Affluent,27.1,632564.33,1,214292.27,3.4,51.3,581307.18,128017.84
1000516,Auto,Corporate,52.7,4254687.47,1,97696.59,3.07,60.4,2846728.46,72992.24
1000517,Home,Mass,41.2,435703.55,1,72707.07,3.48,38.5,597871.2,48941.04
1000518,Life,Mass,42.9,910007.94,1,28060.12,5.12,44.57,1153140.86,25878.65
1000519,Travel,Affluent,43.0,993453.26,0,0.0,2.18,35.5,537479.43,8925.78
1000520,Auto,Affluent,40.0,1886023.56,0,0.0,1.99,35.07,1009768.44,8583.91
1000521,Health,Affluent,57.5,1096908.67,1,123234.1,8.19,56.65,1010774.31,80508.01
1000522,Home,Mass,40.9,684128.74,0,0.0,0.93,29.02,785209.94,7874.74
1000523,Travel,Mass,,533384.93,1,70978.08,6.69,45.0,156076.27,46312.19
1000524,Life,Mass,36.9,745751.74,1,102245.29,1.1,48.91,1483154.94,68261.64
1000525,Life,Premium,44.3,517280.21,4,89438.75,6.05,63.96,816888.35,66156.49
1000526,Home,Mass,58.0,923987.63,1,41377.0,3.1,54.71,933483.69,31608.13
1000527,Home,Mass,49.8,659899.05,0,0.0,9.11,41.2,722379.25,7163.91
1000528,Auto,Corporate,30.9,395706.98,1,187667.86,12.13,51.03,354100.73,117458.67
1000529,Auto,Mass,74.3,1794936.54,3,196030.67,4.61,54.39,1254988.0,118711.25
1000530,Life,Corporate,45.4,684490.57,1,70135.68,6.32,43.26,1056232.41,52997.64
1000531,Life,Affluent,58.6,448056.58,2,85996.08,10.86,54.58,838264.92,
1000532,Travel,Premium,40.0,820449.4,1,16944.22,4.4,25.8,433246.89,19071.98
1000533,Travel,Mass,48.9,934488.32,0,0.0,8.79,32.36,466417.06,7873.28
1000534,Health,Mass,52.9,344411.81,0,0.0,3.04,35.15,234288.64,6578.47
1000535,Life,Affluent,57.8,1080091.44,1,90936.64,6.95,55.06,2137825.29,62778.97
1000536,Travel,Premium,55.7,,1,58009.95,6.98,43.02,118835.64,41960.39
1000537,Life,Affluent,53.3,2306440.27,2,302483.19,6.63,48.21,4216776.79,183848.93
1000538,Auto,Mass,37.9,1200595.6,0,0.0,15.48,43.26,951845.85,8493.92
1000539,Home,Affluent,34.6,722306.65,3,164102.9,6.66,44.98,574642.19,101522.92
1000540,Auto,Premium,46.3,597379.44,1,61757.39,6.5,31.39,691820.03,44205.07
1000541,Travel,Affluent,54.1,849512.39,0,0.0,6.09,38.58,456641.55,9982.81
1000542,Health,Premium,39.1,1260709.17,1,108429.43,11.44,34.17,1142423.99,69527.34
1000543,Auto,Premium,55.8,887468.47,0,0.0,2.88,31.62,724063.37,9218.35
1000544,Health,Affluent,60.9,798677.65,0,0.0,13.16,46.61,676263.04,10619.79
1000545,Health,Mass,30.1,929362.09,0,0.0,6.49,41.95,427004.36,7755.86
1000546,Home,Affluent,31.1,645659.55,1,77534.07,2.36,48.07,613000.5,51939.88
1000547,Auto,Mass,40.2,745184.25,0,0.0,7.09,45.8,480680.76,7268.45
1000548,Health,Mass,46.0,285776.18,0,0.0,6.81,48.01,206654.1,7951.79
1000549,Health,Mass,35.2,1537547.96,0,0.0,1.75,22.04,1209957.92,6085.81
1000550,Life,Mass,59.6,1060752.18,1,72555.97,5.46,51.96,1601337.66,49258.64
1000551,Health,Mass,47.5,,1,66399.39,10.65,42.45,419010.0,43811.19
1000552,Life,Mass,42.5,2557278.8,0,0.0,6.97,33.32,3390442.52,8058.76
1000553,Health,Premium,23.3,944120.52,2,140195.1,1.31,51.26,859887.94,90495.56
1000554,Health,Corporate,24.9,509034.5,1,71546.62,5.23,29.06,488680.2,49574.74
1000555,Life,Mass,45.7,1441731.85,2,215956.59,1.84,39.99,2590997.54,129957.69
1000556,Home,Corporate,18.0,1120265.83,1,90161.04,3.35,44.1,1200230.69,64579.86
1000557,Auto,Affluent,55.2,1118130.93,1,173223.12,9.82,51.25,484341.16,104805.05
1000558,Auto,Mass,39.9,712107.71,0,0.0,4.59,38.94,597558.49,7922.69
1000559,Life,Mass,80.0,1153051.76,0,0.0,7.81,40.64,1783873.17,8021.87
1000560,Health,Affluent,72.0,779324.64,0,0.0,9.97,50.25,443400.15,9555.28
1000561,Health,Premium,39.6,1221900.32,1,207210.68,13.03,49.18,883440.34,125322.82
1000562,Auto,Affluent,40.6,315663.04,1,241336.47,11.51,45.23,239280.82,141447.58
1000563,Auto,Mass,54.9,708935.36,2,35990.77,11.49,46.05,399761.23,27428.6
1000564,Auto,Mass,64.1,2320597.71,3,638161.15,8.81,59.83,2006793.28,366011.28
1000565,Home,Mass,20.7,590227.27,1,144840.35,12.72,46.12,666510.49,87272.77
1000566,Health,Mass,18.8,645666.88,1,282870.71,3.09,49.12,418054.12,163427.37
1000567,Home,Mass,33.9,703463.52,0,0.0,6.39,34.38,796125.19,9081.55
1000568,Home,Mass,49.6,461393.56,0,0.0,3.76,38.36,732046.61,6617.15
1000569,Life,Premium,48.5,267158.02,1,157140.47,0.91,45.23,475819.2,99269.09
1000570,Home,Corporate,55.9,792801.0,0,0.0,5.92,43.42,768131.93,12554.36
1000571,Health,Mass,26.4,969826.75,0,0.0,4.29,30.94,670286.18,5270.76
1000572,Life,Premium,18.0,874381.67,2,216401.91,1.3,25.9,1438480.13,130287.43
1000573,Home,Mass,53.2,831067.94,1,69815.9,8.08,55.74,863087.43,48935.98
1000574,Health,Mass,31.2,921559.41,0,0.0,6.91,48.63,660850.31,7448.88
1000575,Life,Mass,18.0,1579648.4,1,114690.66,6.95,35.37,1614588.41,73354.02
1000576,Travel,Affluent,43.9,810498.4,1,128210.2,3.25,37.89,363890.73,79322.01
1000577,Auto,Corporate,52.3,656320.57,1,52396.01,2.42,46.25,383440.45,40937.46
1000578,Travel,Affluent,40.4,771067.37,1,38931.77,9.72,43.28,495018.5,29765.49
1000579,Home,Mass,36.0,1237731.42,1,60201.53,4.62,50.6,1338564.09,45031.05
1000580,Auto,Affluent,39.9,1956689.99,0,0.0,8.32,38.37,1368537.71,10100.44
1000581,Home,Mass,37.2,637093.04,0,0.0,7.96,31.83,660027.76,6723.46
1000582,Travel,Premium,24.5,950329.1,1,147884.43,4.45,31.86,366336.11,91223.54
1000583,Home,Affluent,32.7,1084084.74,1,167913.4,3.79,48.96,1408881.52,102598.4
1000584,Home,Mass,48.8,521378.81,1,79978.97,5.02,50.63,620462.81,53901.91
1000585,Health,Affluent,46.2,910163.46,1,48963.85,12.28,53.28,890534.19,38274.14
1000586,Auto,Affluent,44.2,401928.47,1,83744.3,1.36,38.64,391340.0,54647.57
1000587,Auto,Mass,29.1,340160.34,2,158862.91,6.38,61.46,360843.13,96631.99
1000588,Auto,Affluent,39.6,1101144.41,0,0.0,2.74,25.72,1189617.79,6728.64
1000589,Auto,Mass,18.0,728701.12,1,118866.0,4.09,44.63,415052.25,72347.85
1000590,Auto,Affluent,44.3,1005911.11,0,0.0,12.02,25.58,680089.68,6558.28
1000591,Auto,Premium,60.6,891185.44,1,149211.53,6.15,43.49,562603.29,92951.45
1000592,Health,Premium,22.8,526038.67,2,135277.18,10.93,58.15,339383.35,87313.71
1000593,Auto,Affluent,34.4,877875.6,0,0.0,8.15,42.58,652849.17,9459.98
1000594,Home,Affluent,46.3,456774.14,0,0.0,9.35,35.56,475815.25,8545.72
1000595,Life,Mass,58.3,1934162.24,1,79284.31,7.65,44.89,2238762.0,56839.55
1000596,Home,Premium,36.2,426926.16,0,0.0,9.23,37.86,465044.9,9768.24
1000597,Health,Mass,33.0,808121.86,0,0.0,8.51,40.06,485624.53,8097.0
1000598,Auto,Affluent,18.0,507321.74,0,0.0,16.35,41.92,321578.51,7465.51
1000599,Auto,Mass,43.3,1231670.19,0,0.0,4.24,35.54,1305188.93,9117.48
1000600,Auto,Mass,68.5,750025.73,1,166217.33,1.43,39.5,769688.52,99368.24
1000601,Auto,Affluent,45.6,676632.35,0,0.0,9.65,40.33,572042.44,6727.5
1000602,Auto,Mass,41.7,1438930.79,2,105619.94,4.11,48.17,1233771.2,67992.63
1000603,Auto,Affluent,46.2,914686.69,0,0.0,4.6,30.26,670215.27,8450.41
1000604,Auto,Mass,41.9,1195774.31,2,177192.61,2.1,53.49,935944.85,106303.83
1000605,Auto,Mass,31.4,524615.44,1,104755.5,13.17,41.12,411612.53,64040.52
1000606,Home,Affluent,52.7,415609.22,1,122757.27,14.09,49.44,330633.98,76923.12
1000607,Auto,Mass,44.9,954663.71,3,167069.21,4.87,52.32,792419.43,99066.34
1000608,Home,Mass,42.2,755235.23,0,0.0,6.57,41.9,846779.39,5918.67
1000609,Health,Affluent,29.3,1270205.32,1,161812.88,3.54,32.93,807525.91,99147.86
1000610,Health,Mass,58.9,861301.93,1,125553.02,20.0,42.87,797465.42,75677.94
1000611,Auto,Premium,50.6,1007458.6,0,0.0,2.27,38.64,838093.34,12500.84
1000612,Life,Mass,34.8,368534.52,1,67817.35,7.58,55.55,580343.17,48182.62
1000613,Health,Mass,55.0,2542835.51,2,170380.41,5.67,59.8,1648561.26,107427.55
1000614,Auto,Affluent,35.5,822264.13,2,180955.48,5.48,57.56,744754.99,109561.34
1000615,Life,Mass,31.8,1320898.67,1,89605.29,7.29,52.62,2232784.4,57512.48
1000616,Travel,Mass,32.1,568240.27,1,246955.04,2.15,67.99,269536.58,145021.61
1000617,Auto,Mass,19.0,1066140.3,0,0.0,17.22,33.67,1042992.49,5926.66
1000618,Auto,Mass,48.1,439584.58,0,0.0,8.72,49.73,432992.23,6071.81
1000619,Life,Premium,18.2,1154049.19,0,0.0,7.32,40.29,1636002.94,12083.06
1000620,Life,Mass,26.0,739969.54,1,101520.32,8.5,48.4,1308539.35,65449.58
1000621,Auto,Premium,18.0,914565.91,2,98844.51,5.49,58.58,645862.33,65982.66
1000622,Auto,Premium,40.9,1321179.9,1,95440.81,11.91,41.76,1250084.31,62122.61
1000623,Home,Mass,40.0,456915.1,0,0.0,14.19,34.52,382883.52,6376.6
1000624,Home,Premium,37.8,617651.46,0,0.0,3.06,39.74,813384.93,11666.26
1000625,Health,Mass,28.4,1157390.43,1,91352.24,7.03,40.68,744591.0,57431.01
1000626,Home,Corporate,26.8,2853828.13,1,65753.68,7.38,43.82,3284628.65,53509.88
1000627,Home,Mass,48.0,834180.23,1,194795.81,2.8,57.21,1078607.67,117568.64
1000628,Life,Affluent,34.8,1245783.13,2,198683.44,5.44,46.52,1985188.02,121477.56
1000629,Auto,Affluent,46.1,848576.68,2,145280.53,16.72,50.21,544458.03,88450.17
1000630,Auto,Mass,30.5,2619214.76,0,0.0,10.54,37.13,1797708.02,6049.58
1000631,Health,Affluent,44.4,344268.83,1,219035.75,5.9,43.86,261798.4,130443.81
1000632,Life,Affluent,58.9,948077.58,1,78471.89,10.99,35.27,1071147.73,53655.18
1000633,Health,Mass,49.6,368096.65,2,105008.29,9.94,49.06,391374.98,66544.62
1000634,Health,Mass,36.6,226734.65,2,117364.46,9.88,55.07,197847.99,73018.55
1000635,Auto,Affluent,45.3,1059973.19,1,71080.13,1.75,55.74,733499.27,49587.06
1000636,Home,Affluent,38.9,971769.42,1,62380.05,7.91,36.17,1292922.29,44446.53
1000637,Health,Corporate,42.1,769494.99,2,76032.64,4.17,43.35,448374.22,53695.68
1000638,Auto,Premium,37.8,848939.58,0,0.0,6.53,37.72,763983.4,9200.13
1000639,Auto,Corporate,39.9,4946618.31,0,0.0,8.77,23.44,3408549.13,12221.8
1000640,Home,Affluent,44.8,780862.0,1,137647.49,3.19,42.43,566194.24,85136.14
1000641,Auto,Mass,29.1,1191493.88,1,95801.17,3.48,29.95,835354.76,58655.85
1000642,Home,Mass,28.8,629700.38,1,80254.71,7.69,51.62,680236.6,53472.73
1000643,Auto,Premium,23.9,1058674.23,0,0.0,2.45,29.08,1023017.96,10122.54
1000644,Home,Affluent,21.2,789473.48,1,198294.1,8.55,51.93,860330.41,121140.04
1000645,Auto,Mass,26.2,718100.55,2,145227.37,14.48,55.75,587283.72,90162.16
1000646,Life,Mass,44.1,2447418.21,0,0.0,10.47,34.37,2642787.93,7223.97
1000647,Health,Corporate,30.4,1719599.15,3,142338.37,13.7,47.88,1537731.41,92820.75
1000648,Health,Affluent,48.7,970300.11,1,127288.59,4.95,45.05,686244.76,79928.81
1000649,Life,Mass,42.5,253427.6,2,175551.79,7.87,50.81,449964.64,105864.23
1000650,Home,Mass,18.0,737923.15,1,63732.43,10.58,42.08,956376.01,42289.98
1000651,Auto,Mass,50.5,3980090.85,1,50152.57,2.19,41.38,3988420.72,36747.4
1000652,Health,Mass,52.5,792768.18,1,62154.44,3.34,52.48,724063.05,43619.58
1000653,Health,Mass,29.1,1651046.2,1,100080.95,7.34,43.95,1183470.2,62709.3
1000654,Life,Mass,47.5,1989150.78,1,34582.83,4.93,43.76,2463406.89,30456.43
1000655,Home,Premium,30.9,1015183.76,1,148909.54,2.13,37.51,1255531.32,93429.18
1000656,Auto,Mass,43.3,566452.29,1,60987.51,3.95,43.93,342962.03,41099.18
1000657,Auto,Premium,25.6,235797.4,1,93236.78,4.59,35.61,297473.59,60505.65
1000658,Home,Premium,18.7,1311182.3,0,0.0,9.03,33.72,1415029.06,11525.07
1000659,Health,Mass,37.0,574947.63,0,0.0,11.9,37.94,305350.75,6175.92
1000660,Health,Affluent,40.4,991558.07,0,0.0,3.57,39.92,476418.93,9194.9
1000661,Home,Mass,36.8,452593.14,0,0.0,4.43,49.67,437702.1,9550.92
1000662,Travel,Premium,26.6,,0,0.0,1.03,34.13,349621.06,10008.79
1000663,Health,Mass,36.8,916846.66,2,177579.45,10.9,57.33,668773.09,107193.91
1000664,Auto,Affluent,45.5,1043276.2,0,0.0,4.45,40.82,666494.37,9519.9
1000665,Auto,Affluent,41.4,487476.73,1,53041.37,3.45,43.14,378920.71,37117.19
1000666,Auto,Mass,44.4,1738357.16,1,115775.18,2.81,44.63,1196425.94,74454.79
1000667,Auto,Mass,33.3,648137.35,0,0.0,20.0,36.11,764235.37,4970.44
1000668,Auto,Affluent,57.2,358323.63,1,130437.96,12.03,50.25,188510.66,81071.94
1000669,Auto,Affluent,26.7,847619.54,0,0.0,3.87,28.36,698419.64,8339.64
1000670,Auto,Mass,48.3,917177.65,1,155520.11,12.86,36.08,577979.91,91304.75
1000671,Auto,Affluent,57.4,983107.97,2,414716.69,6.7,59.4,814978.36,239990.14
1000672,Life,Mass,48.3,1903724.64,2,53629.01,7.87,59.1,2742948.39,43415.41
1000673,Auto,Affluent,39.4,790248.86,1,134251.93,5.57,49.58,760269.35,
1000674,Health,Mass,35.1,842694.06,1,165752.32,6.78,44.51,635842.03,99438.85
1000675,Home,Premium,55.5,490606.98,2,94326.85,0.92,59.77,537870.75,65295.73
1000676,Travel,Mass,23.5,1413323.34,1,48659.74,3.99,45.86,732438.2,34578.49
1000677,Auto,Mass,29.4,996017.42,0,0.0,3.13,41.18,582487.34,6171.49
1000678,Home,Mass,36.8,714354.63,4,206681.57,1.52,57.29,878261.12,123860.8
1000679,Travel,Mass,58.1,315709.88,0,0.0,2.77,34.3,110807.06,6165.9
1000680,Life,Affluent,46.9,1991854.65,0,0.0,5.12,36.81,2541057.01,12338.45
1000681,Life,Mass,29.4,458138.15,1,138599.24,14.12,42.05,787188.57,83252.18
1000682,Auto,Premium,38.0,650142.69,1,169412.56,7.19,42.36,482624.45,103449.5
1000683,Auto,Mass,34.0,1096067.71,0,0.0,7.47,23.55,841737.09,6293.71
1000684,Health,Mass,32.8,466047.66,1,64316.44,5.15,54.96,279029.51,44596.22
1000685,Travel,Mass,54.7,395821.91,2,374878.34,11.2,52.32,104724.32,213076.6
1000686,Health,Mass,24.2,279841.56,0,0.0,3.98,35.73,266157.92,7345.19
1000687,Health,Mass,62.9,1338015.85,3,267497.22,12.8,71.25,902888.58,158050.84
1000688,Auto,Mass,52.8,666834.79,1,127921.48,4.65,30.89,357703.16,76528.68
1000689,Life,Affluent,56.2,4502523.58,2,149591.17,5.52,50.98,5713152.54,90011.59
1000690,Auto,Mass,36.0,520869.47,0,0.0,1.9,34.41,340364.12,7445.21
1000691,Home,Affluent,40.1,,4,253524.1,6.01,61.66,552560.59,151280.69
1000692,Home,Affluent,23.4,659464.82,1,95132.11,17.98,39.63,672315.83,59740.32
1000693,Health,Mass,35.2,1028769.62,0,0.0,12.46,47.07,725855.82,8339.62
1000694,Auto,Mass,48.4,694910.41,2,105129.24,15.6,57.57,439440.99,66350.4
1000695,Auto,Corporate,58.8,1260391.27,1,101038.18,2.95,55.35,965526.97,71371.45
1000696,Health,Affluent,27.6,525405.92,0,0.0,3.94,35.6,462832.38,8326.32
1000697,Auto,Affluent,37.2,420952.21,0,0.0,5.79,27.6,292164.14,6976.23
1000698,Health,Mass,40.0,334747.55,0,0.0,15.3,23.45,205200.75,4584.14
1000699,Auto,Premium,23.9,264920.29,0,0.0,1.58,23.74,222466.11,8989.07
1000700,Home,Premium,49.7,676854.82,1,140054.17,2.99,49.15,777784.77,88715.03
1000701,Health,Affluent,32.6,762693.0,0,0.0,4.1,36.59,476092.86,8051.19
1000702,Auto,Corporate,39.5,635940.11,2,71673.4,3.36,49.41,519101.03,52682.82
1000703,Home,Mass,36.1,1783383.98,2,106719.54,2.3,47.57,1363368.53,67117.84
1000704,Auto,Mass,31.7,1768366.25,0,0.0,2.88,50.26,1564816.55,11827.06
1000705,Auto,Premium,41.9,748636.18,3,191187.42,6.23,52.16,747077.94,118794.67
1000706,Travel,Premium,39.2,335538.99,0,0.0,3.71,44.32,314146.62,10134.76
1000707,Home,Mass,37.2,658989.07,1,107525.53,11.32,43.89,652750.49,66005.17
1000708,Life,Mass,32.5,647094.92,0,0.0,6.69,35.93,975366.25,8646.46
1000709,Auto,Mass,46.2,627015.04,1,43408.43,0.92,54.09,449637.19,32313.43
1000710,Health,Mass,63.5,613174.38,2,225379.97,3.11,66.41,197241.18,134971.02
1000711,Life,Premium,43.8,628282.67,1,64605.31,2.32,43.66,921438.59,47310.07
1000712,Health,Affluent,54.9,727633.05,1,76772.36,1.32,53.38,785955.15,53623.34
1000713,Home,Mass,23.9,634506.26,0,0.0,1.72,37.01,864329.26,8227.89
1000714,Home,Mass,44.1,1009259.47,1,63045.76,5.13,45.44,1300399.37,43022.42
1000715,Home,Mass,27.7,1097288.66,1,85998.01,12.1,43.23,1232123.53,56174.46
1000716,Travel,Mass,22.8,545411.18,0,0.0,4.74,29.4,239266.88,6307.91
1000717,Life,Affluent,32.4,1810721.55,1,245421.26,11.0,40.68,1683870.36,146124.97
1000718,Travel,Corporate,57.5,524980.17,1,96087.34,3.62,44.28,319727.02,65433.41
1000719,Auto,Premium,54.4,369667.67,3,,5.78,66.97,195184.88,399881.06
1000720,Health,Mass,45.2,1109675.27,1,125736.11,10.78,44.97,644907.13,78093.09
1000721,Travel,Premium,22.1,574109.58,1,122077.02,2.93,31.47,338952.79,77343.64
1000722,Auto,Premium,39.4,1073956.82,6,228759.19,6.09,71.81,824590.67,139813.8
1000723,Auto,Premium,45.9,239937.15,0,0.0,15.59,16.91,136182.16,6888.29
1000724,Life,Mass,44.3,1935741.1,0,0.0,7.07,35.48,2907800.68,13879.23
1000725,Health,Mass,18.0,1302650.27,0,0.0,20.0,33.43,876658.19,5517.4
1000726,Life,Mass,30.4,394308.13,1,107857.95,5.65,41.44,622988.04,68464.44
1000727,Auto,Mass,41.2,399042.27,3,177857.47,6.75,71.62,173676.18,107584.62
1000728,Life,Mass,49.0,2257788.36,0,0.0,7.19,44.0,3185253.82,16356.24
1000729,Auto,Mass,18.0,599943.7,0,0.0,2.13,36.87,510605.1,7185.56
1000730,Auto,Affluent,39.9,568836.53,0,0.0,5.36,26.47,335898.7,7720.67
1000731,Auto,Affluent,43.9,258802.73,2,186521.88,2.79,49.3,246109.45,111591.56
1000732,Life,Mass,53.0,742087.2,2,107764.8,6.06,50.46,935743.73,68023.96
1000733,Health,Mass,51.0,794052.02,1,118836.71,2.22,41.42,496770.4,73229.89
1000734,Health,Corporate,49.6,1333971.64,0,0.0,2.6,34.51,1016927.13,13096.12
1000735,Home,Corporate,31.6,416923.03,0,0.0,7.13,23.5,252268.3,10563.36
1000736,Life,Premium,18.0,390035.21,0,0.0,9.06,24.23,730047.55,10785.42
1000737,Home,Corporate,36.9,1153347.9,0,0.0,7.39,43.43,1519625.86,13688.79
1000738,Life,Affluent,55.0,1565712.55,0,0.0,7.32,,2264251.69,7540.43
1000739,Home,Corporate,60.1,379274.79,2,263696.75,9.83,51.88,320251.28,159179.62
1000740,Home,Mass,51.2,1631454.96,0,0.0,6.02,40.43,1734637.92,7800.72
1000741,Home,Mass,47.6,918776.39,1,149342.62,2.95,54.34,781749.91,91583.12
1000742,Home,Mass,46.9,1640715.49,2,334520.1,15.94,52.56,1154581.22,195245.27
1000743,Life,Mass,34.8,865903.58,0,0.0,3.9,40.63,1228198.01,11381.59
1000744,Health,Mass,40.3,224784.44,0,0.0,3.24,32.14,158848.81,6183.47
1000745,Auto,Affluent,63.7,827834.04,0,0.0,2.15,38.88,655367.03,9434.13
1000746,Life,Premium,29.7,1612391.67,0,0.0,8.95,38.22,2193175.76,11955.06
1000747,Home,Affluent,63.0,550504.13,1,97537.66,3.72,62.81,829333.41,65442.53
1000748,Health,Mass,37.8,727063.65,1,155511.68,14.68,54.03,432073.75,93450.24
1000749,Life,Premium,59.2,816903.8,0,0.0,4.12,46.31,1077206.67,11010.34
1000750,Health,Affluent,23.7,182666.51,0,0.0,2.26,35.48,100000.0,8340.58
1000751,Auto,Mass,49.6,2256648.28,0,0.0,4.93,49.92,1544173.13,9891.54
1000752,Travel,Affluent,32.4,548198.88,0,0.0,6.41,41.9,269117.83,7887.71
1000753,Health,Mass,23.6,1188621.19,1,64518.24,4.31,24.84,775931.44,43200.85
1000754,Home,Mass,44.8,858090.13,1,107126.3,5.49,38.19,774196.56,66529.87
1000755,Auto,Premium,55.1,1797379.85,1,126409.21,9.98,50.19,1386232.72,80922.94
1000756,Life,Mass,31.0,1125210.75,1,132095.79,10.79,30.01,1415134.52,81497.03
1000757,Health,Mass,22.5,790911.77,0,0.0,9.03,27.87,490349.59,5158.12
1000758,Health,Premium,40.8,550574.05,1,99468.01,6.49,39.78,301036.0,65739.71
1000759,Life,Affluent,,1395785.54,1,95794.21,4.38,42.9,2184662.95,63868.15
1000760,Life,Mass,49.1,321180.11,1,122110.03,8.03,44.5,383479.55,76371.02
1000761,Auto,Mass,54.3,1283870.34,2,224825.55,8.49,52.13,985965.03,133947.15
1000762,Home,Mass,,491725.26,1,85786.17,18.42,50.55,616599.32,55789.71
1000763,Auto,Affluent,66.1,1792113.23,2,233996.03,9.8,54.89,1323372.78,138832.08
1000764,Life,Mass,44.9,983492.01,2,173528.92,6.94,49.39,1507545.71,104027.02
1000765,Auto,Mass,37.5,1282623.46,1,131312.38,10.59,34.51,1073378.24,77569.09
1000766,Health,Corporate,21.0,941513.43,3,330378.92,11.35,60.5,537196.49,197243.9
1000767,Life,Affluent,38.6,343294.05,1,100087.85,10.74,39.49,649708.25,64440.71
1000768,Life,Mass,37.6,560592.2,0,0.0,1.6,29.87,527469.92,7195.31
1000769,Home,Affluent,54.5,1302719.0,0,0.0,4.19,42.68,1271204.8,10285.35
1000770,Life,Affluent,48.0,986393.6,1,132444.46,5.45,40.89,1740052.05,85719.43
1000771,Auto,Mass,26.7,1723201.56,0,0.0,7.81,31.39,1423108.06,8307.65
1000772,Life,Mass,44.2,1123490.65,2,185392.22,2.38,53.74,1463254.38,113674.9
1000773,Auto,Premium,50.7,528852.05,2,296231.95,9.21,51.08,311401.59,174447.37
1000774,Home,Mass,61.9,580888.88,1,76862.06,4.98,65.49,419310.34,52910.13
1000775,Life,Affluent,53.5,952413.54,0,0.0,6.56,40.45,1547722.65,11228.69
1000776,Auto,Mass,51.9,252060.85,1,140063.56,4.65,51.44,308715.47,85238.39
1000777,Auto,Mass,42.8,2259249.15,1,33462.91,4.48,31.52,1791391.05,26436.16
1000778,Health,Mass,47.0,1147516.67,1,101288.84,1.51,40.03,883610.09,64793.51
1000779,Health,Mass,58.2,1767398.18,0,0.0,9.18,34.41,1883597.52,9004.27
1000780,Health,Mass,24.7,377308.29,1,119504.82,2.14,34.45,263418.12,72350.22
1000781,Health,Mass,37.5,1784521.52,1,150343.02,0.92,46.85,1134981.31,92753.86
1000782,Health,Premium,32.0,3070879.14,1,132808.18,1.96,49.98,1715588.39,87300.58
1000783,Auto,Corporate,46.9,435246.12,0,0.0,1.18,41.94,293594.36,12619.37
1000784,Home,Premium,58.0,1375628.16,0,0.0,16.59,40.37,1325575.76,11211.39
1000785,Auto,Premium,34.2,900549.59,2,254506.09,4.14,45.32,525793.1,151749.31
1000786,Life,Mass,18.0,384889.45,1,176079.82,12.36,47.46,547630.89,105717.19
1000787,Health,Corporate,36.6,1180249.28,2,154824.69,3.56,64.76,870065.1,101568.79
1000788,Home,Mass,53.9,1423503.73,1,200788.89,7.95,48.5,1378150.5,119440.31
1000789,Home,Corporate,49.0,646630.58,3,196363.77,11.69,66.05,777688.58,123144.96
1000790,Travel,Corporate,47.6,1708974.65,3,223858.83,6.19,61.57,624906.56,138414.51
1000791,Auto,Affluent,38.4,359845.54,1,60626.26,9.64,49.43,328463.46,42094.92
1000792,Health,Corporate,25.4,395550.67,0,0.0,8.31,26.63,363364.05,12256.23
1000793,Health,Affluent,48.7,970220.47,0,0.0,15.08,36.5,839714.49,8855.49
1000794,Health,Mass,31.2,912653.84,2,387007.55,12.71,51.82,521099.73,221393.12
1000795,Auto,Mass,70.4,606848.6,2,307268.61,6.87,66.17,472941.28,179647.35
1000796,Life,Affluent,49.4,1404830.18,0,0.0,9.98,34.34,1988079.73,9646.4
1000797,Travel,Mass,34.5,1205182.92,2,88476.52,2.93,35.55,468353.6,56375.06
1000798,Health,Affluent,34.1,1442843.72,1,113618.45,3.56,39.7,947090.25,73139.4
1000799,Health,Corporate,40.8,841065.65,1,190000.67,10.0,51.75,430058.98,118771.81
1000800,Travel,Mass,38.9,1253649.17,0,0.0,13.07,26.67,761476.65,5157.93
1000801,Health,Premium,56.5,704358.24,2,322469.2,6.18,46.4,582344.09,188096.8
1000802,Auto,Premium,44.4,2784977.42,0,0.0,9.59,40.06,1873321.22,10838.47
1000803,Health,Corporate,32.5,575646.98,3,190285.92,6.38,55.04,453736.37,118650.56
1000804,Health,Corporate,66.6,2864956.22,2,124288.2,15.98,61.01,1937300.56,87610.72
1000805,Home,Affluent,42.6,917436.29,0,0.0,14.24,29.98,962921.84,10379.24
1000806,Health,Corporate,52.0,422362.43,1,107971.14,8.28,44.86,333918.65,72322.15
1000807,Travel,Affluent,34.1,1909961.58,2,213341.0,14.55,58.07,1090381.48,127987.97
1000808,Travel,Mass,46.7,964529.61,0,0.0,3.89,31.13,566865.23,6079.47
1000809,Home,Mass,46.0,1437287.62,0,0.0,4.95,49.67,1490189.87,11003.88
1000810,Auto,Affluent,18.0,1764310.99,0,0.0,1.51,25.69,970734.16,10567.28
1000811,Travel,Mass,68.2,1083845.15,5,714330.72,3.41,82.65,757969.07,406987.7
1000812,Life,Affluent,58.8,649798.49,0,0.0,2.81,39.52,950344.07,11580.73
1000813,Auto,Affluent,36.8,1539229.31,1,92486.96,2.44,35.79,1577514.38,62058.21
1000814,Travel,Mass,27.7,900374.05,1,52492.5,20.0,38.31,519776.0,35575.2
1000815,Life,Affluent,46.5,1312404.94,0,0.0,11.18,43.25,2809355.0,11922.92
1000816,Health,Premium,43.1,275294.92,0,0.0,10.21,38.64,100000.0,9492.05
1000817,Health,Affluent,46.6,1150825.41,2,238954.43,3.94,60.29,624043.26,142867.44
1000818,Home,Mass,44.5,633444.61,1,30620.56,2.95,55.54,608113.34,26813.35
1000819,Auto,Mass,48.6,2234371.06,2,276130.54,2.94,44.61,1743248.85,159044.88
1000820,Home,Mass,60.8,1267868.98,1,170522.38,1.24,40.29,1304125.48,102840.25
1000821,Life,Corporate,49.4,1026917.14,0,0.0,9.01,30.93,1481219.58,12074.13
1000822,Auto,Mass,28.4,1175989.57,4,885475.41,4.53,55.14,751314.49,497376.61
1000823,Home,Affluent,59.7,519700.3,3,293490.52,2.29,69.57,569421.86,173782.51
1000824,Home,Mass,63.3,2197742.43,2,105038.63,3.15,60.05,2370433.96,70955.75
1000825,Health,Mass,80.0,2690947.1,2,198957.31,5.56,55.98,1656048.01,119992.71
1000826,Life,Premium,27.4,1117106.56,0,0.0,9.76,35.15,2429422.93,16065.4
1000827,Home,Affluent,45.2,2158387.57,1,83160.42,4.36,55.46,2300359.19,55314.03
1000828,Home,Mass,18.0,658104.18,1,131364.08,12.79,53.02,556248.42,81540.04
1000829,Health,Mass,49.2,580553.7,0,0.0,14.1,41.84,214630.31,6234.18
1000830,Home,Mass,34.9,920487.46,0,0.0,14.76,18.26,942261.15,5004.89
1000831,Auto,Affluent,67.0,1143229.39,1,82195.94,4.64,52.52,897829.9,56026.0
1000832,Home,Affluent,31.9,724659.64,1,74029.16,6.57,49.27,845210.71,51395.32
1000833,Auto,Mass,20.0,1209747.9,0,0.0,3.65,35.18,969487.79,7654.85
1000834,Auto,Mass,35.9,1065190.55,0,0.0,5.01,42.18,679888.56,7675.07
1000835,Home,Mass,18.0,519738.62,0,0.0,4.14,35.66,759514.22,7231.26
1000836,Home,Premium,51.8,1197188.2,3,144699.18,2.38,51.45,1294499.69,92903.08
1000837,Life,Corporate,18.0,1447126.72,0,0.0,6.17,26.96,2112862.02,14002.53
1000838,Home,Mass,42.4,989008.46,2,81323.78,5.43,49.27,1026143.06,54382.27
1000839,Health,Premium,18.0,1696548.58,1,96282.14,8.79,47.12,1224165.41,65298.06
1000840,Health,Mass,37.8,460734.83,0,0.0,8.92,32.16,243917.8,6618.09
1000841,Auto,Mass,63.4,1164174.46,1,91420.38,5.64,52.83,1059316.12,59619.68
1000842,Health,Affluent,46.7,472832.11,1,142646.29,8.06,48.1,223159.0,87910.82
1000843,Auto,Premium,30.8,487675.4,1,212155.91,5.03,53.57,438613.6,128041.58
1000844,Travel,Corporate,41.6,636117.19,1,112554.18,3.06,44.56,338766.32,73783.7
1000845,Auto,Affluent,42.2,536068.35,3,202075.09,2.6,45.71,526233.84,120749.76
1000846,Home,Mass,48.1,665805.15,1,377484.02,3.45,50.82,908968.97,218246.65
1000847,Auto,Premium,24.2,800000.29,0,0.0,5.7,49.5,768305.92,11891.95
1000848,Travel,Mass,49.7,1426286.84,1,37582.95,9.49,51.62,341782.26,28273.51
1000849,Health,Affluent,18.0,754275.2,1,110246.25,1.94,34.15,730254.6,70433.3
1000850,Health,Mass,33.8,376267.61,1,82811.08,2.72,35.56,212515.09,52421.35
1000851,Auto,Affluent,35.7,1684850.44,1,129925.67,18.51,36.87,1175450.74,80609.1
1000852,Life,Mass,50.2,567928.31,0,0.0,3.26,54.27,609181.0,9700.44
1000853,Auto,Mass,42.3,871397.75,1,62521.7,13.6,42.71,646187.01,41736.7
1000854,Life,Premium,23.7,1150543.64,3,160358.22,3.28,49.28,1616865.05,101599.68
1000855,Auto,Mass,29.2,1004435.02,0,0.0,3.0,34.51,712891.4,6562.51
1000856,Auto,Affluent,44.6,1642859.36,0,0.0,14.15,36.79,943241.03,6638.1
1000857,Auto,Mass,41.0,1171273.03,0,0.0,1.74,49.19,820708.86,9060.28
1000858,Home,Mass,,560413.27,0,0.0,6.05,29.68,520373.54,7002.34
1000859,Health,Mass,35.7,2982758.91,1,31448.93,2.33,51.83,2147946.21,29271.46
1000860,Auto,Mass,51.1,1001524.05,2,297222.4,4.58,54.29,906138.68,172939.82
1000861,Life,Premium,35.3,829943.51,0,0.0,1.55,45.41,1265144.03,12074.96
1000862,Home,Mass,40.9,1529282.19,0,0.0,5.41,49.27,1295233.84,10849.07
1000863,Health,Corporate,70.2,1032349.74,1,74949.41,1.82,51.74,803532.07,56882.19
1000864,Home,Affluent,23.5,1120993.1,1,137368.28,11.75,38.66,859895.77,84106.59
1000865,Home,Mass,18.0,3544300.02,2,412272.7,0.8,46.62,4193076.94,242322.27
1000866,Health,Affluent,52.2,773617.82,1,109576.55,4.62,46.52,452712.76,70605.96
1000867,Auto,Affluent,33.2,755686.25,1,80222.45,2.08,31.4,485032.94,51766.82
1000868,Auto,Affluent,37.9,959596.56,0,0.0,1.25,48.4,631908.91,9473.81
1000869,Life,Mass,31.8,1622508.24,0,0.0,2.45,37.93,2876923.95,12156.99
1000870,Travel,Mass,38.6,392996.63,0,0.0,9.38,29.56,285828.0,4561.92
1000871,Home,Premium,62.8,305313.47,1,65919.56,2.92,35.04,362560.76,46369.5
1000872,Auto,Corporate,52.4,651632.9,1,142946.72,3.2,30.94,698268.01,89409.96
1000873,Health,Premium,53.2,366404.21,3,195077.65,13.9,65.8,100000.0,119191.04
1000874,Home,Mass,23.6,712469.8,0,0.0,1.8,30.06,663484.11,8215.56
1000875,Auto,Premium,27.0,1186507.74,0,0.0,7.6,31.96,810667.63,7952.15
1000876,Auto,Mass,18.0,551412.35,1,225958.77,10.33,43.08,301264.32,131624.86
1000877,Health,Affluent,31.5,410608.48,1,141238.56,8.15,39.01,324507.7,86691.86
1000878,Health,Mass,54.4,934984.73,1,253565.57,1.4,51.5,804850.38,148580.93
1000879,Auto,Affluent,48.7,1446343.14,1,167621.34,3.07,47.09,1060502.19,101582.82
1000880,Auto,Mass,39.1,354305.44,1,132935.09,4.19,43.72,271559.91,80546.09
1000881,Auto,Mass,41.7,1413073.76,0,0.0,9.75,27.37,839912.79,6057.78
1000882,Health,Premium,33.0,1410801.38,1,94895.69,10.04,37.23,911727.78,64034.7
1000883,Auto,Mass,44.7,1521027.8,2,176806.58,1.72,56.24,1078834.71,104134.9
1000884,Auto,Mass,52.0,1759102.27,0,0.0,12.02,35.86,1620159.84,6185.23
1000885,Life,Mass,21.0,3021481.1,0,0.0,7.41,42.26,3342035.76,13623.28
1000886,Auto,Corporate,45.9,739921.53,1,249398.68,0.68,62.22,630695.17,
1000887,Health,Affluent,54.1,955905.57,1,119577.46,2.36,52.2,860174.38,77341.65
1000888,Auto,Mass,36.6,715766.23,0,0.0,3.96,47.7,492188.88,8065.06
1000889,Auto,Premium,51.1,900979.07,0,0.0,9.42,45.49,501974.29,10537.59
1000890,Auto,Premium,78.6,2091161.87,0,0.0,6.81,42.75,2074596.29,12361.68
1000891,Health,Mass,40.6,429506.47,0,0.0,7.48,39.54,439550.87,8725.26
1000892,Life,Affluent,47.1,560493.39,2,240973.81,4.09,66.66,1093643.52,147419.57
1000893,Life,Premium,32.4,1919546.58,2,117667.62,10.1,45.66,2173470.21,79619.29
1000894,Home,Affluent,44.4,1577213.31,2,175782.84,8.74,44.68,2257313.09,108333.46
1000895,Health,Mass,48.0,,0,0.0,6.74,31.82,466027.29,6998.89
1000896,Auto,Premium,44.5,1439881.16,0,0.0,6.61,37.47,1106638.35,11612.39
1000897,Auto,Affluent,28.7,1085790.4,1,117442.1,6.1,35.0,846075.68,73487.3
1000898,Life,Mass,44.7,,1,58763.69,4.0,57.25,3701937.98,43883.81
1000899,Auto,Mass,61.0,937648.4,1,58300.14,2.95,50.64,737305.38,42448.81
1000900,Auto,Mass,47.8,1582074.79,0,0.0,4.72,46.53,1449268.23,9164.94
1000901,Auto,Mass,54.5,3848740.82,0,0.0,2.26,39.1,3189399.6,16095.48
1000902,Auto,Premium,38.9,1250563.21,0,0.0,6.85,29.78,947373.36,9897.7
1000903,Auto,Mass,51.7,924751.69,0,0.0,17.54,31.42,498520.71,5387.53
1000904,Health,Mass,45.6,1339083.37,1,59050.93,8.63,39.38,1311533.79,42493.99
1000905,Home,Affluent,29.6,736191.51,0,0.0,9.63,38.15,465350.83,8977.03
1000906,Life,Mass,46.1,3346857.09,1,51081.97,8.34,49.49,5419622.08,44021.6
1000907,Life,Corporate,29.1,993698.49,2,100093.21,12.53,52.83,1563919.54,68726.8
1000908,Home,Mass,33.8,774549.4,0,0.0,12.32,26.21,962215.37,7106.76
1000909,Auto,Mass,44.5,568366.13,0,0.0,5.37,38.98,638452.28,6610.6
1000910,Home,Mass,45.9,1645609.1,2,149990.39,8.83,45.11,1739916.68,91460.76
1000911,Health,Mass,26.5,1450042.06,1,142391.18,7.52,44.35,1167177.66,86500.46
1000912,Auto,Mass,55.7,684610.36,2,241473.44,5.61,57.81,797491.87,142540.54
1000913,Health,Affluent,49.4,1235761.93,2,208532.51,11.78,44.87,909578.32,122884.02
1000914,Home,Corporate,32.8,392559.84,1,103043.48,7.7,49.7,188765.95,69951.04
1000915,Health,Mass,22.0,996379.87,0,0.0,3.47,50.41,663064.42,9806.7
1000916,Home,Affluent,40.1,1154486.29,1,167084.7,4.0,50.37,846143.5,101531.97
1000917,Auto,Affluent,36.2,2301752.71,1,126528.8,9.04,42.52,2017865.75,80323.97
1000918,Travel,Premium,43.5,589010.74,0,0.0,3.26,36.55,247166.6,9386.73
1000919,Life,Mass,37.3,445546.14,2,235230.18,13.13,48.94,651808.27,138065.15
1000920,Auto,Mass,18.0,549995.11,0,0.0,2.9,27.83,364597.17,7113.22
1000921,Life,Mass,37.0,431506.29,0,0.0,16.7,39.1,721243.07,6211.26
1000922,Home,Affluent,38.0,1877237.03,0,0.0,7.06,29.6,1482577.98,10376.28
1000923,Life,Premium,50.2,2109373.74,0,0.0,5.67,27.02,2457818.8,11577.15
1000924,Life,Mass,32.9,1073322.1,2,80993.55,16.74,50.98,1602759.71,53773.66
1000925,Home,Mass,63.8,1761827.64,2,147045.25,3.03,56.39,1968351.29,90565.82
1000926,Auto,Premium,18.0,968813.25,1,160494.35,10.66,35.66,822542.28,99143.25
1000927,Auto,Premium,59.0,854129.96,1,38710.6,16.39,39.71,690662.68,31108.32
1000928,Health,Corporate,39.1,749363.42,0,0.0,4.33,39.83,733537.77,12459.92
1000929,Health,Affluent,53.2,758755.6,4,416298.02,5.64,59.97,546239.32,240464.77
1000930,Auto,Mass,43.0,384177.2,1,182970.56,4.49,44.2,333407.51,107923.54
1000931,Auto,Affluent,56.8,1040789.55,2,249134.35,2.15,67.05,893779.57,147104.32
1000932,Life,Affluent,37.0,880254.54,1,40934.58,4.58,48.39,1039979.3,33242.8
1000933,Travel,Mass,27.7,1356066.03,0,0.0,9.88,25.71,663707.87,6438.87
1000934,Health,Affluent,60.5,947505.45,3,121104.08,2.07,53.08,945152.92,76410.74
1000935,Auto,Affluent,40.5,822960.11,0,0.0,9.38,39.18,657991.86,7365.12
1000936,Auto,Mass,44.9,557375.19,1,79729.11,1.28,35.95,328282.06,50465.91
1000937,Auto,Premium,58.1,936434.0,1,56249.45,4.01,34.46,769457.16,40633.62
1000938,Life,Affluent,28.6,1350763.46,1,,6.58,45.72,1957090.67,125642.46
1000939,Auto,Corporate,49.7,479890.68,1,37191.22,7.31,48.89,390469.86,32537.19
1000940,Health,Mass,34.3,944358.0,1,187527.64,9.84,46.41,689774.01,110995.91
1000941,Auto,Mass,40.3,1023075.32,0,0.0,1.22,39.9,1033594.85,7783.47
1000942,Health,Affluent,42.9,606351.06,1,141078.77,9.18,44.69,468587.9,87203.14
1000943,Health,Mass,22.5,651367.37,0,0.0,11.24,29.51,301640.88,6781.9
1000944,Life,Affluent,31.9,1021707.71,1,100578.37,3.75,46.33,1166468.65,66309.19
1000945,Auto,Affluent,59.6,482515.58,2,89173.91,5.84,66.01,568745.46,61802.53
1000946,Auto,Mass,53.5,1091003.08,1,245370.91,7.88,43.97,811721.23,142623.45
1000947,Auto,Affluent,41.2,550017.37,1,99905.85,4.39,37.62,458567.56,63824.78
1000948,Life,Affluent,45.2,1614796.62,0,0.0,2.04,31.19,2106689.09,14440.63
1000949,Life,Mass,38.2,3255821.89,0,0.0,4.79,31.53,5184259.28,13944.95
1000950,Health,Corporate,59.6,560583.68,1,24721.47,8.03,50.24,570789.07,26153.23
1000951,Health,Premium,39.4,1207381.31,1,60115.67,2.46,29.39,754015.14,43497.31
1000952,Health,Affluent,45.0,603464.2,1,211254.31,13.18,48.68,479052.44,125064.92
1000953,Auto,Affluent,56.9,1595463.48,1,75875.24,9.94,52.73,1010144.39,51774.3
1000954,Life,Mass,31.9,448766.47,0,0.0,4.87,23.63,985025.91,9271.41
1000955,Home,Corporate,62.3,1172293.63,0,0.0,2.53,36.04,1291284.01,12062.27
1000956,Home,Affluent,22.1,556824.9,0,0.0,7.17,34.62,521888.68,8883.99
1000957,Health,Affluent,63.2,803159.43,1,209802.93,3.17,48.6,627480.38,125045.27
1000958,Auto,Premium,37.2,510469.49,2,93421.47,2.55,54.01,421690.79,63075.86
1000959,Auto,Mass,38.8,1414720.87,1,53575.84,3.1,43.26,1052917.76,38601.19
1000960,Health,Premium,18.0,567962.6,0,0.0,6.03,42.01,233658.03,10980.72
1000961,Auto,Mass,36.1,1219230.38,0,0.0,8.2,34.89,960190.45,6680.82
1000962,Health,Mass,28.5,744818.71,1,97646.29,6.03,35.08,542545.8,60423.49
1000963,Auto,Mass,34.1,845083.09,0,0.0,9.86,29.26,835143.63,6342.31
1000964,Home,Corporate,40.2,976193.19,1,165140.31,16.78,49.7,846062.5,105936.34
1000965,Auto,Premium,54.5,591931.66,2,156215.64,6.32,54.39,455631.07,97136.17
1000966,Home,Affluent,44.7,1010395.05,0,0.0,7.91,43.47,1121989.61,12180.67
1000967,Health,Affluent,46.0,2088243.94,1,143033.18,6.16,50.11,1023866.78,90822.01
1000968,Auto,Affluent,27.8,586658.35,0,0.0,3.8,21.17,475246.61,7692.94
1000969,Health,Corporate,30.6,1714523.27,2,72987.15,6.92,40.94,809872.99,53786.85
1000970,Home,Affluent,65.4,2051545.03,0,0.0,1.03,36.44,2648933.35,14417.87
1000971,Health,Mass,32.4,574505.41,1,118440.95,5.11,37.12,441487.69,71752.48
1000972,Travel,Mass,63.5,404282.84,2,234148.56,5.38,53.23,170992.21,136823.93
1000973,Health,Premium,38.8,1062599.2,2,189818.02,6.68,57.74,828117.62,118068.56
1000974,Auto,Affluent,42.0,666020.62,0,0.0,10.11,46.84,591925.78,9082.25
1000975,Auto,Mass,55.9,2515247.62,1,73587.46,7.46,45.95,1707478.74,49592.99
1000976,Auto,Mass,58.5,917395.71,0,0.0,6.67,40.32,528568.36,5403.69
1000977,Health,Premium,40.6,578932.04,1,18979.2,2.99,39.69,446303.11,20996.26
1000978,Auto,Mass,37.0,478883.35,0,0.0,10.26,37.95,369531.59,5625.93
1000979,Home,Affluent,41.3,1639001.49,0,0.0,7.39,39.7,2070177.94,11600.51
1000980,Health,Corporate,46.4,657367.73,2,120478.43,7.98,58.05,571605.64,80482.34
1000981,Home,Mass,53.6,921958.86,0,0.0,6.35,46.58,775365.31,8164.76
1000982,Life,Mass,42.1,1522465.4,0,0.0,7.85,22.34,3094850.06,15931.16
1000983,Auto,Affluent,50.0,689559.28,1,169846.62,7.58,45.64,509177.88,103171.67
1000984,Auto,Premium,63.3,877549.98,1,119947.12,7.64,59.31,242240.96,78725.02
1000985,Health,Affluent,47.0,891835.89,1,134723.65,5.33,42.96,622556.55,85340.8
1000986,Home,Corporate,46.1,1310577.61,1,25869.73,6.56,53.81,1100613.41,30017.82
1000987,Health,Mass,22.3,1245514.71,0,0.0,7.91,31.95,840908.64,6412.04
1000988,Home,Affluent,18.0,797380.68,2,157461.09,7.2,47.38,748436.83,96281.87
1000989,Auto,Affluent,47.0,932064.25,2,179271.44,2.47,44.59,846895.84,109210.87
1000990,Life,Premium,40.8,733565.07,0,0.0,3.27,30.47,1172138.87,8908.74
1000991,Life,Mass,35.3,399297.97,1,86845.87,8.11,48.55,746882.83,56949.29
1000992,Health,Premium,45.2,1036987.58,0,0.0,2.63,45.31,866095.98,9683.84
1000993,Auto,Affluent,41.2,2548092.28,1,28130.58,5.96,44.95,2236474.6,26811.64
1000994,Health,Mass,56.7,553548.42,0,0.0,4.8,33.07,564205.23,7629.81
1000995,Home,Mass,43.1,588294.94,1,114710.96,9.88,45.49,854917.52,71749.96
1000996,Auto,Premium,32.3,557517.83,0,0.0,8.53,45.1,393379.65,11020.77
1000997,Life,Mass,54.9,1340663.93,2,280056.14,8.76,66.47,1868614.34,169788.15
1000998,Auto,Mass,39.2,1151777.6,2,106324.24,4.25,48.6,654730.04,
1000999,Travel,Mass,48.8,824847.92,2,105078.74,8.79,41.33,532158.66,67047.46
1001000,Home,Premium,35.8,543203.64,1,82214.16,7.33,49.46,623778.88,57332.38
1001001,Auto,Affluent,33.6,946908.06,2,381161.74,3.09,47.65,1226396.45,221060.61
1001002,Health,Premium,43.1,380639.45,0,0.0,1.19,45.28,269243.21,10857.16
1001003,Life,Mass,42.2,973871.51,0,0.0,4.53,40.44,1412334.7,11530.97
1001004,Health,Affluent,48.2,1453505.02,0,0.0,9.57,33.63,1168858.07,10069.73
1001005,Life,Affluent,38.5,452250.05,0,0.0,3.62,38.08,557295.62,10785.27
1001006,Health,Premium,18.1,387420.13,2,526805.07,7.95,55.35,410640.1,302062.63
1001007,Health,Premium,36.4,2145409.25,2,292244.32,5.35,49.16,1445410.8,172097.6
1001008,Life,Mass,52.3,642859.99,1,77974.5,11.97,39.97,1007402.73,51907.21
1001009,Auto,Affluent,38.1,1681036.89,2,240683.77,3.45,39.47,1574201.39,139857.63
1001010,Home,Mass,38.8,826910.15,1,139917.81,8.7,38.83,654755.87,84422.75
1001011,Auto,Affluent,54.8,823299.14,0,0.0,4.52,38.39,597912.46,8706.49
1001012,Travel,Mass,32.7,1145414.37,1,170266.98,3.8,48.64,792635.75,104239.7
1001013,Travel,Mass,21.9,553463.27,0,0.0,6.49,26.18,184223.77,5554.34
1001014,Auto,Mass,39.9,968034.95,3,292862.19,3.72,68.36,660111.87,171662.65
1001015,Health,Affluent,35.7,729657.75,0,0.0,3.43,27.7,805111.99,8029.7
1001016,Travel,Mass,29.4,435338.27,1,68385.58,7.99,58.5,274847.43,45340.17
1001017,Auto,Affluent,39.7,1083562.94,1,71891.0,13.72,56.52,801168.22,49602.95
1001018,Health,Mass,48.4,778660.76,4,275495.48,13.67,66.83,631294.48,161796.62
1001019,Life,Mass,41.9,825534.54,2,151998.27,7.8,39.88,1242576.36,91501.05
1001020,Auto,Premium,46.0,462573.86,2,101431.76,6.62,51.93,290581.61,66447.33
1001021,Health,Mass,65.6,2159571.21,1,135139.62,4.79,47.42,2018196.28,83926.73
1001022,Auto,Mass,37.5,1457659.82,1,29659.83,1.65,35.04,973668.53,23945.88
1001023,Travel,Affluent,45.6,1529476.04,0,0.0,17.24,41.27,1176599.74,7991.61
1001024,Travel,Mass,35.4,760822.57,0,0.0,3.43,31.22,397006.43,5501.98
1001025,Travel,Mass,31.0,,0,0.0,14.18,31.02,227372.72,5362.18
1001026,Home,Mass,34.4,2634633.4,0,0.0,4.09,35.34,2146546.2,10542.03
1001027,Life,Corporate,35.8,870259.23,3,295480.95,2.67,52.55,1609280.07,178819.22
1001028,Life,Affluent,46.7,596187.3,0,0.0,17.29,54.02,875011.93,10096.02
1001029,Home,Affluent,72.5,1131880.43,4,351538.95,10.37,67.41,1278756.92,207356.28
1001030,Life,Affluent,32.7,1710106.96,1,,6.12,45.98,3148708.6,54757.99
1001031,Auto,Mass,36.6,888662.0,1,137155.86,4.37,44.77,616273.5,82335.19
1001032,Health,Mass,41.2,1818216.05,0,0.0,2.08,40.73,986582.55,9646.85
1001033,Auto,Affluent,47.1,1632788.76,1,39524.91,9.92,49.08,1316434.34,32346.05
1001034,Auto,Mass,45.4,497892.96,0,0.0,4.73,45.36,395376.99,7386.83
1001035,Auto,Mass,58.7,621297.61,0,0.0,16.45,43.98,485902.23,5718.69
1001036,Health,Mass,18.0,1523918.42,1,92253.69,4.77,41.23,1138348.32,58654.56
1001037,Home,Mass,18.0,202442.9,1,93051.61,6.25,40.07,236400.83,59943.12
1001038,Health,Corporate,35.6,828978.43,2,372665.36,2.14,49.05,459293.42,217772.18
1001039,Auto,Mass,56.3,409705.09,2,132356.61,11.55,48.2,366829.61,80227.66
1001040,Home,Affluent,21.6,692487.49,2,254150.21,5.62,46.54,755972.36,150159.81
1001041,Health,Mass,18.0,763599.71,0,0.0,7.36,34.85,445592.36,7279.11
1001042,Life,Corporate,49.4,739046.14,0,0.0,5.79,42.89,1349313.49,12414.2
1001043,Home,Mass,45.2,664245.01,0,0.0,1.59,40.4,600444.71,8287.12
1001044,Health,Mass,27.8,492239.68,1,120498.6,8.13,40.19,367113.44,72575.01
1001045,Life,Affluent,29.2,3174628.7,0,0.0,9.34,35.22,4896151.3,14862.33
1001046,Health,Affluent,29.4,2513669.37,1,89120.26,7.36,,2291645.06,58679.01
1001047,Auto,Mass,43.4,474973.29,0,0.0,12.95,40.95,418067.63,5936.98
1001048,Auto,Mass,33.9,2148572.56,0,0.0,5.7,35.1,1980868.9,9797.98
1001049,Life,Mass,48.4,722479.28,1,66643.39,1.71,,1055047.54,46356.69
1001050,Auto,Mass,18.0,966274.42,0,0.0,5.64,40.17,798032.24,8019.32
1001051,Life,Mass,30.9,869218.11,0,0.0,5.4,31.02,1287529.53,8900.78
1001052,Health,Affluent,27.4,626114.34,2,229360.51,7.5,52.4,564544.71,137396.63
1001053,Travel,Mass,38.7,1546135.01,0,0.0,2.79,37.94,804364.25,6319.92
1001054,Life,Mass,35.0,964521.72,1,107270.75,19.33,57.55,1870644.39,71105.5
1001055,Travel,Affluent,52.4,692488.4,1,76368.42,5.92,45.71,330960.46,50927.06
1001056,Home,Corporate,18.0,439162.97,1,81616.51,4.97,44.53,396180.75,58068.7
1001057,Life,Affluent,42.6,550549.85,3,167733.06,8.02,58.18,1334676.5,103116.79
1001058,Home,Mass,49.3,364904.51,0,0.0,4.23,30.32,252531.83,6993.85
1001059,Home,Mass,66.1,906071.04,1,105188.57,3.11,46.61,1203658.16,66373.92
1001060,Health,Corporate,35.7,466020.06,4,164200.7,1.73,69.23,498969.27,106644.81
1001061,Life,Mass,46.2,777696.61,2,197143.69,6.68,49.34,1496820.2,121474.62
1001062,Travel,Mass,18.5,1912087.36,1,187735.84,8.61,24.24,957643.63,110597.25
1001063,Life,Affluent,18.0,1740642.42,1,111029.24,2.3,39.44,2788506.54,77001.64
1001064,Home,Affluent,53.0,884163.92,0,0.0,15.02,33.21,765714.08,7606.91
1001065,Home,Affluent,41.9,857909.11,2,383280.48,3.32,52.35,1266863.58,223194.34
1001066,Health,Mass,57.3,2530888.65,0,0.0,4.4,52.67,1577910.83,8752.03
1001067,Auto,Mass,24.1,1198481.51,0,0.0,14.96,39.9,919415.82,6787.55
1001068,Auto,Corporate,48.8,751522.55,3,164972.52,6.04,70.18,678446.12,107670.98
1001069,Home,Mass,66.3,410791.09,2,100890.97,8.73,52.85,464433.44,64309.21
1001070,Auto,Affluent,47.5,1117696.37,0,0.0,3.15,38.64,850507.02,9966.71
1001071,Auto,Affluent,45.6,1420157.19,0,0.0,6.44,31.92,1461616.93,10061.38
1001072,Auto,Affluent,42.1,635865.09,1,138839.86,5.39,40.18,724803.07,86028.97
1001073,Auto,Mass,21.6,1056330.38,2,521555.73,0.9,40.46,932929.13,293794.71
1001074,Auto,Mass,59.6,736883.24,2,176779.22,12.52,46.17,568578.98,105277.81
1001075,Travel,Affluent,34.1,813362.54,0,0.0,10.06,46.25,469059.94,8562.84
1001076,Home,Premium,48.6,229084.89,0,0.0,2.2,25.24,214368.85,9985.56
1001077,Home,Corporate,21.7,796649.65,1,306945.34,6.98,50.06,1111312.41,181370.99
1001078,Health,Mass,26.7,1533867.92,0,0.0,4.4,43.79,1067719.95,9151.5
1001079,Auto,Mass,60.7,635952.17,0,0.0,5.24,46.04,623231.76,8076.69
1001080,Travel,Corporate,37.5,926379.77,5,319155.76,9.92,62.15,464269.61,188611.15
1001081,Life,Affluent,60.9,593847.1,1,60597.53,5.03,38.02,917700.44,42662.93
1001082,Auto,Premium,41.0,1097332.69,1,49891.27,7.09,,999017.31,36353.06
1001083,Home,Mass,18.1,798956.9,0,0.0,7.94,37.55,1231095.08,7330.55
1001084,Life,Affluent,53.6,536900.03,2,112275.41,5.03,54.01,1058085.19,74236.49
1001085,Travel,Affluent,34.3,1873002.56,1,58346.97,8.66,35.95,1144768.85,41114.74
1001086,Home,Affluent,51.1,1500130.48,1,273402.84,9.85,54.98,1805172.77,162545.49
1001087,Health,Mass,42.3,645287.56,0,0.0,10.48,50.3,542814.24,7396.19
1001088,Auto,Mass,21.9,1183437.16,1,180824.65,0.83,38.94,1048484.94,108792.23
1001089,Travel,Affluent,44.1,1209510.93,2,337544.16,3.1,52.68,462126.62,195746.09
1001090,Auto,Mass,70.6,1281338.41,1,278914.12,3.3,40.66,1086364.22,161888.3
1001091,Travel,Mass,48.4,354445.3,1,35584.69,5.13,43.45,236221.43,27187.51
1001092,Health,Corporate,41.3,1565606.18,1,66805.96,4.81,48.35,812755.88,49815.76
1001093,Health,Mass,56.0,657904.86,0,0.0,12.79,44.0,531276.8,7685.61
1001094,Health,Premium,44.7,739215.43,1,92385.62,1.22,41.99,561687.75,62474.84
1001095,Auto,Mass,44.7,3840007.99,4,274796.0,12.01,63.12,3032624.43,162518.0
1001096,Auto,Affluent,27.8,1062548.05,1,122125.78,2.63,38.69,1020271.38,77091.97
1001097,Auto,Corporate,45.0,727720.76,2,186959.38,4.73,50.16,465072.44,116453.22
1001098,Auto,Mass,55.5,267597.2,3,258248.73,3.91,63.86,126919.3,151479.12
1001099,Life,Mass,31.1,1932877.37,2,108192.87,5.15,35.28,3628091.16,70739.94
1001100,Home,Mass,60.5,429460.36,1,46276.65,2.16,48.49,359066.53,34700.1
1001101,Auto,Mass,40.8,518273.64,1,71425.74,5.83,47.13,235206.11,47254.44
1001102,Travel,Affluent,30.5,750058.35,0,0.0,4.1,31.91,401351.09,7667.68
1001103,Life,Premium,55.0,1961414.64,0,0.0,7.23,37.94,3046472.02,16953.16
1001104,Travel,Mass,38.3,1377019.63,1,37705.22,9.4,40.97,500253.95,28336.72
1001105,Travel,Mass,51.9,825165.63,0,0.0,3.74,37.26,423920.84,5653.54
1001106,Auto,Mass,38.2,1066305.77,1,67149.3,20.0,44.15,1188686.25,42534.38
1001107,Home,Affluent,41.2,646894.12,2,161823.4,3.71,52.17,541386.56,100608.21
1001108,Life,Mass,48.4,971852.74,1,63979.04,1.73,31.65,1214960.81,43530.8
1001109,Health,Affluent,45.8,937043.75,4,206518.02,10.7,69.84,807510.02,125992.2
1001110,Auto,Affluent,18.0,1533362.33,0,0.0,9.43,31.13,1551576.8,10358.51
1001111,Life,Affluent,27.4,1532020.5,0,0.0,12.56,48.76,2346758.48,12126.66
1001112,Auto,Mass,54.1,1180959.26,0,0.0,9.07,32.76,835967.64,6657.1
1001113,Auto,Affluent,40.3,737380.18,2,283215.64,4.87,44.99,596376.37,164370.89
1001114,Health,Mass,35.2,1353429.51,1,137331.93,5.69,42.02,875605.64,84211.82
1001115,Health,Mass,24.3,855607.81,0,0.0,1.42,37.45,574295.73,8170.79
1001116,Health,Premium,28.0,496380.05,1,70693.34,10.16,28.2,360596.39,47778.43
1001117,Auto,Affluent,18.0,720962.03,0,0.0,4.3,27.36,514510.77,6862.18
1001118,Life,Mass,40.7,942828.69,0,0.0,13.93,42.29,1282654.85,12101.9
1001119,Auto,Mass,34.2,1484767.46,0,0.0,4.51,30.09,1192011.01,6874.48
1001120,Auto,Mass,29.4,813588.14,2,449803.97,4.6,58.27,604787.61,256121.23
1001121,Life,Mass,41.1,462818.73,1,108261.93,3.97,41.57,601667.14,68846.08
1001122,Travel,Mass,46.7,928530.0,1,139115.94,9.14,39.69,590741.56,83428.23
1001123,Life,Mass,69.2,957950.0,2,218674.08,1.91,61.7,1374463.16,130963.81
1001124,Life,Mass,22.3,996855.14,0,0.0,3.64,45.37,1692063.89,11008.51
1001125,Health,Affluent,57.1,1492673.52,1,77057.83,14.15,51.17,1130486.57,51821.84
1001126,Health,Affluent,54.7,1576247.88,1,78023.96,5.24,56.55,1023366.88,56059.46
1001127,Auto,Affluent,31.9,649094.8,1,96456.34,9.8,54.45,504473.38,63089.55
1001128,Home,Mass,44.6,641311.86,0,0.0,5.95,32.57,487106.17,6821.21
1001129,Home,Corporate,36.1,507900.45,0,0.0,12.88,43.7,672317.76,12822.54
1001130,Auto,Premium,44.4,1321791.62,1,167893.28,6.62,34.81,878520.0,103528.94
1001131,Health,Premium,61.6,1996689.47,1,77164.54,20.0,52.23,1536619.76,55267.22
1001132,Home,Premium,49.9,756800.52,1,46834.02,4.76,46.17,755037.77,39663.17
1001133,Auto,Corporate,48.6,788086.58,1,100430.31,12.9,55.1,493537.12,69230.45
1001134,Auto,Affluent,36.4,2016513.22,2,106130.82,0.49,58.42,1812714.44,71520.03
1001135,Health,Mass,22.7,1188505.11,2,1200000.0,1.04,51.18,707015.56,668751.84
1001136,Auto,Affluent,39.3,1144043.73,1,124794.04,5.73,46.43,631308.21,77932.16
1001137,Life,Affluent,57.7,467495.95,2,150433.32,2.25,58.45,349467.34,94992.26
1001138,Home,Affluent,22.1,1307268.6,0,0.0,9.4,34.5,1147271.82,8306.63
1001139,Home,Affluent,28.3,539892.35,0,0.0,14.69,34.99,653905.34,9289.47
1001140,Health,Mass,43.6,482356.59,1,81117.96,6.25,55.4,421172.47,52887.2
1001141,Life,Mass,29.2,743724.3,2,174669.28,8.12,59.56,1007724.96,106197.88
1001142,Home,Corporate,31.7,652107.07,0,0.0,9.49,35.18,587464.27,11703.09
1001143,Health,Affluent,36.5,796729.27,1,72039.17,8.83,45.39,547622.47,49557.82
1001144,Health,Affluent,24.2,407424.18,0,0.0,3.39,35.11,146664.46,7925.48
1001145,Auto,Mass,29.3,1524990.92,0,0.0,6.72,24.37,971363.51,4274.88
1001146,Life,Mass,51.1,1673415.83,1,116839.47,8.06,44.6,3028124.32,78463.21
1001147,Life,Premium,25.0,308387.28,0,0.0,2.49,45.9,554474.26,12018.48
1001148,Health,Affluent,21.2,1541554.43,0,0.0,6.97,28.62,1205741.36,7413.35
1001149,Life,Premium,33.8,576285.97,0,0.0,10.08,51.44,785568.93,11893.54
1001150,Life,Mass,51.5,1441920.68,3,567878.78,8.6,68.24,2209214.73,328706.35
1001151,Health,Affluent,39.4,866748.79,0,0.0,4.05,40.69,400274.27,8603.58
1001152,Life,Mass,36.0,914357.22,1,203147.82,15.26,47.54,1555538.04,121097.03
1001153,Health,Affluent,42.6,812886.14,1,83949.45,7.65,38.65,531549.7,54641.25
1001154,Health,Mass,19.3,1752968.34,1,154457.15,1.44,38.09,994102.53,92272.54
1001155,Health,Mass,48.4,455147.42,1,54487.1,11.75,56.44,387255.95,38145.34
1001156,Life,Affluent,47.0,1257281.27,1,135605.22,3.75,41.73,1457077.34,83953.61
1001157,Auto,Corporate,36.7,1649333.18,2,382717.34,4.18,57.7,1377489.4,226890.97
1001158,Life,Mass,55.1,1334593.2,0,0.0,3.93,31.68,2270955.79,
1001159,Life,Premium,27.3,3232396.74,0,0.0,2.71,26.83,3870261.37,22379.63
1001160,Auto,Mass,56.7,672817.45,0,0.0,13.93,54.98,490384.19,7539.17
1001161,Life,Mass,44.0,1523723.69,1,105545.9,6.76,45.3,1757366.41,66949.51
1001162,Auto,Mass,37.6,848987.88,0,0.0,4.97,33.71,370156.33,7367.61
1001163,Home,Mass,41.7,1773602.57,0,0.0,2.51,,1498355.83,11439.66
1001164,Life,Affluent,40.6,896201.98,1,258598.64,10.87,53.35,1170389.39,154135.16
1001165,Auto,Mass,57.9,727099.32,0,0.0,9.97,48.38,766427.04,6904.87
1001166,Life,Affluent,28.0,1845922.58,0,0.0,10.9,31.37,2803004.6,15221.01
1001167,Life,Corporate,32.1,686794.9,1,72047.6,10.08,40.75,1064748.05,53294.08
1001168,Health,Mass,55.5,413805.31,1,44604.36,6.25,50.09,233514.69,32643.53
1001169,Auto,Premium,34.3,677309.94,0,0.0,7.93,41.6,510446.42,11065.49
1001170,Auto,Mass,53.7,1265044.89,1,66569.93,12.36,43.96,827194.5,44217.09
1001171,Health,Affluent,,1935296.99,4,155169.76,10.22,70.5,1093995.44,97199.42
1001172,Travel,Mass,36.8,956724.93,0,0.0,8.93,39.16,472860.26,6729.32
1001173,Health,Mass,50.9,,2,202271.81,10.46,62.4,1290117.17,120918.9
1001174,Auto,Mass,27.0,426408.82,0,0.0,3.11,40.42,375960.99,5235.81
1001175,Health,Mass,51.8,705283.51,0,0.0,2.97,30.05,545217.33,6130.1
1001176,Health,Mass,44.6,767914.54,1,151554.47,6.83,44.01,656431.89,90976.23
1001177,Life,Affluent,48.1,845042.63,1,112065.57,3.85,39.79,1177945.62,70868.2
1001178,Auto,Premium,33.6,942604.39,1,145493.89,11.06,47.07,419239.86,91113.6
1001179,Life,Premium,20.4,1316057.48,1,45457.01,5.05,46.65,2239394.69,37754.15
1001180,Health,Affluent,48.5,704685.08,2,73070.85,3.3,53.59,503218.83,51146.54
1001181,Travel,Mass,18.0,971518.72,1,118841.59,14.95,37.78,523778.17,71017.47
1001182,Home,Mass,37.9,877939.05,0,0.0,3.03,38.02,913001.07,9054.07
1001183,Health,Mass,54.2,540857.22,1,149624.43,5.21,49.09,447989.16,89925.6
1001184,Travel,Mass,44.5,845457.66,1,131884.77,8.67,41.01,357127.05,78001.88
1001185,Auto,Affluent,67.3,831625.34,2,232360.85,2.46,48.48,1039907.99,139652.71
1001186,Travel,Affluent,55.3,821884.98,2,144853.05,2.23,40.02,395038.55,87978.07
1001187,Health,Mass,33.5,915859.04,0,0.0,18.23,45.44,559020.64,8644.99
1001188,Auto,Mass,42.4,938248.85,1,102959.12,5.45,48.49,974700.35,65655.61
1001189,Home,Premium,41.4,709551.03,0,0.0,6.27,40.84,715938.22,11868.39
1001190,Health,Premium,21.4,1812364.94,0,0.0,8.23,42.77,1516087.08,13648.2
1001191,Auto,Mass,29.8,473040.22,1,52282.76,4.59,33.46,315544.83,35231.08
1001192,Health,Premium,34.7,605382.93,0,0.0,6.55,24.69,614236.67,9306.14
1001193,Home,Corporate,18.0,4152121.79,0,0.0,1.34,35.85,3671873.08,20878.36
1001194,Health,Mass,42.6,508517.44,3,176654.53,8.89,60.13,489456.07,106736.06
1001195,Auto,Mass,38.8,427446.74,1,80114.38,7.11,32.11,402555.27,49713.15
1001196,Life,Affluent,20.3,1347972.61,0,0.0,10.16,36.17,1563711.15,11247.42
1001197,Travel,Corporate,47.3,287142.57,0,0.0,4.4,36.79,144629.52,10342.0
1001198,Travel,Premium,51.3,790759.69,1,90309.75,10.77,41.34,476601.81,60698.41
1001199,Life,Mass,45.0,2929533.49,1,87915.73,1.95,43.26,4000102.74,65857.11
1001200,Auto,Mass,37.8,384783.18,2,78241.17,2.67,33.42,127984.4,50006.05
1001201,Life,Affluent,49.7,302570.5,1,109612.65,4.64,42.49,315916.09,70924.15
1001202,Auto,Affluent,50.8,394589.15,2,229911.96,5.13,48.46,437134.37,135806.13
1001203,Auto,Mass,46.0,1475116.91,1,56892.03,6.0,49.72,1408354.55,40230.86
1001204,Home,Premium,31.3,1670740.06,0,0.0,7.7,34.97,1606904.23,9801.34
1001205,Home,Affluent,45.6,678898.02,1,72421.09,2.21,50.2,715889.62,52020.83
1001206,Life,Premium,57.5,1310496.81,2,412954.27,7.65,37.01,2323918.23,239484.42
1001207,Health,Premium,34.2,1933399.62,1,51468.41,14.07,37.36,1305348.65,39831.41
1001208,Home,Affluent,69.3,2405312.93,3,68093.35,8.77,67.83,2197744.21,52410.34
1001209,Auto,Mass,35.2,785963.5,0,0.0,10.14,34.77,834203.04,5253.51
1001210,Travel,Affluent,42.4,253809.84,1,109908.37,2.56,50.95,100000.0,68959.65
1001211,Home,Mass,33.3,573014.69,1,98498.0,3.49,30.38,664868.99,61387.8
1001212,Home,Affluent,44.9,711697.14,2,107159.58,9.18,57.2,947801.46,69683.31
1001213,Auto,Mass,19.4,780534.1,0,0.0,4.91,28.98,538175.76,6192.07
1001214,Life,Affluent,34.9,811652.34,0,0.0,6.3,31.72,1116589.63,10700.44
1001215,Health,Mass,27.8,1665343.67,0,0.0,4.55,42.25,834297.17,8639.71
1001216,Auto,Mass,43.8,1814073.95,1,135834.81,3.11,53.46,1606330.66,85763.15
1001217,Auto,Mass,54.9,818910.05,2,185756.22,7.28,61.53,620416.18,111996.11
1001218,Health,Mass,50.4,1646754.15,1,118318.69,8.06,61.06,1282525.9,75159.41
1001219,Health,Affluent,18.0,1095655.96,0,0.0,3.68,42.03,664857.36,8846.9
1001220,Auto,Affluent,68.5,932503.63,0,0.0,2.98,38.71,931763.07,9528.2
1001221,Travel,Affluent,45.8,1481772.15,1,44193.06,4.63,46.78,613067.04,33910.7
1001222,Auto,Mass,31.9,936484.89,0,0.0,3.75,33.7,812394.37,7748.82
1001223,Home,Mass,44.0,2791099.58,1,17702.0,1.13,59.59,2992805.13,22450.8
1001224,Travel,Mass,44.3,408000.59,1,70996.79,6.56,53.18,253060.24,46867.22
1001225,Home,Mass,33.3,677934.56,1,86653.0,9.28,41.71,712594.05,55458.17
1001226,Health,Premium,44.6,839502.43,1,173077.85,3.37,51.65,463034.67,106658.39
1001227,Home,Mass,34.1,1146069.73,2,143983.84,12.13,41.08,1520898.56,89974.25
1001228,Auto,Mass,36.7,1807632.09,0,0.0,9.47,39.04,1422341.81,9382.38
1001229,Travel,Mass,33.1,888003.38,0,0.0,3.75,29.91,429880.31,5304.29
1001230,Home,Mass,23.4,411647.93,1,79241.77,1.98,29.02,391767.03,51109.14
1001231,Life,Affluent,43.9,1430497.27,1,51912.89,4.28,50.85,2133999.58,37795.42
1001232,Auto,Affluent,49.6,1363243.53,2,76765.4,3.93,59.47,1280710.05,55031.3
1001233,Auto,Mass,48.7,309318.81,2,165662.08,3.26,56.11,251526.87,99429.04
1001234,Auto,Mass,52.7,898118.92,3,520283.02,5.06,59.0,672959.94,295990.35
1001235,Health,Mass,46.2,375334.17,1,,2.99,37.0,237848.16,71792.02
1001236,Home,Mass,35.1,624428.39,0,0.0,6.23,28.79,728503.39,5766.45
1001237,Life,Mass,52.9,547766.91,3,277896.6,8.49,53.56,591538.02,163157.52
1001238,Home,Corporate,24.4,1404575.42,0,0.0,2.75,32.92,1583872.27,12491.19
1001239,Travel,Affluent,30.3,959729.39,1,68433.8,4.75,49.9,409932.15,46615.75
1001240,Auto,Affluent,29.5,443775.9,1,133938.61,0.9,49.61,396226.7,84217.95
1001241,Life,Mass,56.0,1460349.46,2,61521.39,6.05,42.99,3128440.29,51190.74
1001242,Life,Mass,54.3,409035.34,1,139030.74,6.38,42.78,607467.75,85990.96
1001243,Life,Affluent,48.3,1079180.62,2,147423.66,3.08,47.79,1882291.23,91495.89
1001244,Life,Affluent,55.9,575183.37,0,0.0,7.41,23.78,1051800.73,10554.33
1001245,Life,Affluent,30.6,736031.1,1,171980.36,1.74,46.39,970039.48,104140.54
1001246,Health,Mass,46.5,1187664.05,1,53046.1,7.04,44.21,648799.8,37138.47
1001247,Auto,Affluent,40.4,1198938.59,0,0.0,0.94,37.29,1143499.33,9219.06
1001248,Auto,Mass,53.0,1877558.9,1,63446.7,8.11,56.78,1184556.77,46843.86
1001249,Travel,Premium,40.5,860191.66,1,,6.23,45.23,268977.54,29066.09
1001250,Health,Affluent,37.0,1065226.51,0,0.0,2.29,34.32,862204.4,8508.51
1001251,Life,Affluent,49.0,707430.39,2,746537.2,7.39,56.99,940141.25,421554.2
1001252,Home,Mass,53.4,994747.76,0,0.0,2.94,48.36,908963.69,10265.2
1001253,Auto,Affluent,33.3,1146090.76,1,285652.51,5.62,45.1,1372515.52,166319.7
1001254,Auto,Mass,41.2,852628.85,0,0.0,14.2,43.09,570856.63,7037.49
1001255,Health,Mass,28.2,333729.9,2,130151.22,13.2,47.39,146101.4,78561.92
1001256,Home,Mass,18.0,1079986.43,0,0.0,7.85,32.59,1040883.92,8318.57
1001257,Auto,Affluent,44.6,1099821.94,1,154582.26,11.46,46.3,849737.99,94685.61
1001258,Home,Mass,49.9,619120.15,1,117848.39,1.06,41.41,531171.47,72269.57
1001259,Auto,Mass,45.4,444069.86,1,79652.01,11.41,41.71,258993.39,51042.52
1001260,Health,Premium,18.0,2026627.37,0,0.0,4.54,42.81,1966043.24,13911.43
1001261,Auto,Mass,37.4,1179315.89,1,653337.88,5.53,57.99,1001579.28,369584.56
1001262,Life,Affluent,18.0,793457.67,0,0.0,4.3,44.31,1340810.14,10710.62
1001263,Home,Mass,59.8,481558.0,2,124048.71,5.38,46.09,442783.7,77021.07
1001264,Home,Mass,27.9,572719.81,0,0.0,4.03,25.39,671014.15,6678.0
1001265,Auto,Premium,58.3,1842391.03,1,68024.64,17.26,40.2,1699447.99,48336.64
1001266,Auto,Mass,54.3,970788.7,1,104566.64,4.02,48.59,682508.91,66059.83
1001267,Home,Mass,30.3,664856.93,2,396356.74,4.47,29.2,757631.66,226400.81
1001268,Home,Affluent,27.3,1191208.77,1,113680.14,2.41,37.58,1386212.96,74200.22
1001269,Health,Affluent,46.6,575060.79,1,63590.53,8.63,55.79,560137.38,44428.38
1001270,Auto,Affluent,31.0,2054645.14,0,0.0,9.76,42.9,2367013.04,12577.65
1001271,Health,Mass,43.3,1893978.76,0,0.0,7.51,35.17,1364174.51,9588.76
1001272,Life,Mass,35.7,696298.9,0,0.0,4.41,34.03,1299899.21,8336.19
1001273,Life,Affluent,18.8,636908.58,1,171063.57,5.9,43.82,602374.34,104985.58
1001274,Auto,Affluent,18.0,213240.68,0,0.0,3.09,39.71,235492.7,8668.71
1001275,Home,Premium,44.9,398427.42,2,71469.08,11.82,48.36,368974.52,50206.37
1001276,Auto,Premium,34.7,430818.28,0,0.0,8.55,35.19,266879.43,9105.77
1001277,Auto,Premium,34.8,969469.92,2,200302.09,3.35,45.9,838405.65,122432.61
1001278,Travel,Affluent,51.0,752172.91,0,0.0,4.7,31.11,398200.99,7206.17
1001279,Auto,Mass,57.3,429430.64,0,0.0,3.68,40.26,365084.13,7713.51
1001280,Home,Premium,38.5,771051.02,0,0.0,4.25,35.59,1129519.66,12678.87
1001281,Health,Mass,37.6,1188360.84,1,59226.76,1.95,35.14,827333.4,41448.6
1001282,Health,Mass,48.5,1203159.64,0,0.0,6.45,44.39,652695.73,9795.65
1001283,Health,Premium,24.4,316580.04,1,30101.98,4.64,44.44,302633.58,27618.11
1001284,Auto,Premium,44.9,838697.3,2,76754.12,7.58,56.95,725925.77,54579.52
1001285,Home,Mass,49.2,420547.46,1,60618.51,1.73,41.14,620891.97,41885.48
1001286,Health,Mass,50.8,1477852.87,1,185038.39,7.23,33.0,1229887.68,109423.15
1001287,Auto,Mass,18.0,1385304.56,1,75188.27,12.41,,918183.43,49672.03
1001288,Home,Premium,32.1,549209.4,1,88979.44,7.82,38.11,655262.87,58393.38
1001289,Auto,Premium,30.6,590559.21,1,108719.42,15.22,36.19,473306.04,69272.0
1001290,Auto,Mass,43.3,698334.27,1,187426.74,3.61,36.43,579119.97,109019.6
1001291,Home,Mass,48.2,260696.89,1,214607.99,0.8,44.39,218905.19,125840.32
1001292,Auto,Premium,61.5,1082661.09,2,155362.06,4.72,66.76,625360.58,99590.15
1001293,Health,Mass,35.6,774587.22,1,58614.47,10.44,39.99,513004.41,39417.7
1001294,Health,Affluent,35.5,1534547.85,2,106263.92,3.59,42.39,1529265.54,70074.63
1001295,Life,Corporate,56.9,491897.17,3,193914.49,6.31,65.79,699710.67,122863.03
1001296,Auto,Mass,45.9,640261.79,0,0.0,8.25,40.5,501567.45,7686.07
1001297,Auto,Affluent,58.5,392998.53,2,240813.01,12.18,40.23,496852.6,140580.27
1001298,Auto,Mass,45.8,518030.93,1,121996.02,8.27,50.4,467936.35,73652.58
1001299,Health,Mass,27.0,469798.87,1,137247.13,8.17,56.53,316242.19,84502.33
1001300,Health,Premium,24.7,1556477.11,0,0.0,7.72,16.42,1389155.56,6487.79
1001301,Auto,Mass,21.8,612991.3,0,0.0,10.82,25.35,464879.01,4369.12
1001302,Travel,Corporate,50.6,963614.57,0,0.0,2.89,20.39,348296.7,9712.08
1001303,Auto,Affluent,57.5,729949.16,1,172872.08,2.24,47.81,392388.45,104022.7
1001304,Health,Mass,66.0,447729.33,1,65170.74,4.59,57.16,232385.84,44898.18
1001305,Health,Mass,53.0,820430.77,0,0.0,10.67,41.59,548123.43,6674.4
1001306,Life,Mass,57.1,1251254.09,1,197621.85,7.1,58.01,1955432.02,117937.8
1001307,Health,Mass,34.5,463185.26,2,318360.05,14.82,55.6,219002.69,184233.28
1001308,Life,Mass,27.0,1404458.08,1,94540.53,4.56,53.55,3058136.57,62818.98
1001309,Home,Mass,53.1,563996.62,0,0.0,3.85,48.99,485949.59,7208.08
1001310,Life,Mass,47.4,690042.79,3,102189.85,1.8,56.31,1204409.64,66913.1
1001311,Auto,Affluent,43.4,1205042.94,1,116156.72,8.86,45.71,981244.04,72146.3
1001312,Life,Affluent,47.0,624845.79,2,414731.78,13.41,46.47,1112069.27,237702.31
1001313,Health,Affluent,46.2,918793.08,1,65741.35,8.99,44.25,685302.02,46179.18
1001314,Life,Mass,58.7,756963.33,0,0.0,5.48,42.54,831452.58,8638.4
1001315,Home,Mass,58.8,966370.37,3,406104.48,2.9,61.05,1079219.63,233123.12
1001316,Health,Affluent,49.1,242982.22,0,0.0,8.89,49.39,104140.95,9345.0
1001317,Health,Affluent,53.0,329003.95,1,186108.92,2.95,45.05,173286.44,112269.38
1001318,Health,Mass,48.7,1262913.48,3,34990.36,7.46,52.89,1037118.68,29448.17
1001319,Auto,Premium,36.0,1592156.29,1,44228.11,5.62,37.53,1751039.28,31870.77
1001320,Auto,Premium,51.8,545458.69,0,0.0,0.9,45.19,188568.61,10262.93
1001321,Auto,Affluent,23.9,786961.38,0,0.0,4.94,24.63,568585.48,7225.63
1001322,Auto,Mass,55.7,1058375.38,2,279843.35,5.61,53.05,631786.98,162579.41
1001323,Life,Premium,26.5,1317728.16,0,0.0,3.38,44.32,2095484.67,13196.48
1001324,Auto,Affluent,45.7,295058.09,1,100052.73,4.66,47.81,261051.89,63550.81
1001325,Travel,Premium,31.0,552842.21,1,189362.22,5.23,42.0,240198.51,113662.07
1001326,Home,Affluent,49.2,749552.31,0,0.0,8.78,39.77,895315.35,11306.8
1001327,Auto,Premium,41.6,1324939.23,1,69043.9,6.27,37.64,1357807.88,48999.33
1001328,Life,Affluent,21.3,3556497.64,1,104171.28,3.2,34.38,8682665.95,82358.85
1001329,Health,Mass,47.5,793927.08,0,0.0,11.48,38.28,588357.78,7056.69
1001330,Home,Affluent,34.5,415115.65,0,0.0,3.91,38.69,315777.13,8960.87
1001331,Health,Affluent,53.5,1122868.9,0,0.0,3.91,47.6,940570.26,10230.72
1001332,Health,Affluent,42.0,1861136.21,0,0.0,14.84,39.09,1785903.42,7851.79
1001333,Auto,Mass,47.1,955087.09,1,224256.3,6.09,55.54,971738.97,130853.85
1001334,Travel,Mass,29.6,546611.36,0,0.0,0.38,46.94,261432.2,7961.08
1001335,Travel,Premium,34.3,1524301.32,0,0.0,9.8,42.32,753475.72,10742.74
1001336,Health,Affluent,36.0,1296397.9,4,735848.54,5.49,71.7,926383.02,418657.8
1001337,Auto,Premium,53.1,511859.56,1,65007.9,3.17,40.46,479375.14,46810.74
1001338,Health,Affluent,63.8,1110070.55,1,163200.91,5.26,41.69,824760.55,98829.29
1001339,Auto,Affluent,31.5,1557583.45,0,0.0,5.27,39.76,1416790.09,11046.91
1001340,Auto,Affluent,56.0,1724054.89,3,436447.26,2.63,51.63,1625463.48,252708.73
1001341,Auto,Premium,18.0,867701.56,0,0.0,4.51,31.13,784515.07,10571.27
1001342,Home,Affluent,26.5,739113.18,0,0.0,4.04,40.42,780908.19,11683.96
1001343,Life,Affluent,29.5,1767630.74,0,0.0,5.76,45.59,2856777.33,17716.72
1001344,Health,Mass,24.4,462573.97,0,0.0,10.86,32.79,411042.28,6845.54
1001345,Life,Mass,21.4,1145519.33,0,0.0,4.35,29.36,1218911.46,9012.38
1001346,Home,Affluent,47.4,423638.34,1,46887.42,6.84,48.36,490295.18,36493.81
1001347,Home,Mass,39.2,1617038.57,1,173518.93,8.06,36.81,1714390.03,103276.78
1001348,Home,Mass,46.9,780917.67,0,0.0,13.57,38.31,905699.52,6891.59
1001349,Travel,Mass,51.0,1808251.33,4,687186.44,6.37,66.36,987187.64,389401.34
1001350,Auto,Mass,45.5,,0,0.0,5.38,39.0,965305.67,6597.04
1001351,Life,Mass,50.6,459263.28,4,415246.71,2.61,66.94,645905.91,240608.11
1001352,Health,Mass,41.1,1970297.88,0,0.0,6.49,32.4,1620210.82,8293.11
1001353,Home,Premium,26.6,2112399.24,1,109443.04,10.74,36.46,2411895.21,71091.72
1001354,Health,Affluent,55.8,1462134.06,1,34429.04,4.77,42.74,1106671.89,29139.63
1001355,Home,Mass,34.3,592008.76,0,0.0,19.31,25.41,466830.98,6331.56
1001356,Life,Mass,29.8,760584.4,0,0.0,4.81,38.16,1313846.37,9080.93
1001357,Life,Affluent,39.7,974943.71,0,0.0,3.96,44.19,1538649.5,11361.72
1001358,Home,Mass,30.1,611157.1,1,58894.43,4.68,47.9,571491.09,41428.7
1001359,Auto,Premium,36.6,2282862.41,0,0.0,5.79,35.41,1807989.63,12178.9
1001360,Health,Affluent,46.5,974353.64,0,0.0,6.08,33.75,707123.98,8231.47
1001361,Life,Premium,46.5,203477.07,1,156077.71,5.32,51.15,338327.61,98566.16
1001362,Auto,Mass,30.3,1084680.18,0,0.0,2.17,40.34,856991.53,6722.73
1001363,Health,Affluent,35.7,743157.64,0,0.0,3.81,38.57,524434.35,8311.57
1001364,Health,Mass,56.0,863665.17,0,0.0,6.83,53.72,713670.87,8478.59
1001365,Health,Corporate,48.5,734840.97,1,125242.93,6.46,46.17,646189.2,82558.84
1001366,Auto,Affluent,69.0,1402862.81,2,148430.25,7.7,55.58,1260030.11,93108.15
1001367,Health,Mass,57.3,1666070.34,1,145168.45,9.63,45.52,977500.09,88416.87
1001368,Life,Mass,56.9,1051606.21,1,80113.48,1.65,37.29,1299268.99,54333.28
1001369,Auto,Mass,24.0,746782.23,1,62303.54,3.19,45.6,602632.32,42617.63
1001370,Auto,Affluent,51.9,879768.94,1,122838.45,7.26,46.39,1085485.35,76879.66
1001371,Travel,Mass,41.3,909754.29,0,0.0,11.52,41.86,646430.77,6060.01
1001372,Auto,Affluent,34.8,578858.6,1,123385.77,13.23,56.26,786901.04,76924.54
1001373,Life,Mass,44.2,1237446.82,1,80827.63,10.96,42.69,1768844.96,51752.75
1001374,Home,Affluent,54.3,1159121.93,0,0.0,9.66,24.78,1131641.05,8366.71
1001375,Auto,Premium,48.5,2099884.13,1,180731.38,5.25,49.74,1671835.88,110875.75
1001376,Life,Premium,30.6,1795137.94,0,0.0,7.95,37.1,2678578.28,12389.35
1001377,Home,Premium,51.7,617249.65,0,0.0,3.41,35.44,565347.27,10662.72
1001378,Health,Mass,33.7,1413125.04,3,319820.6,5.7,58.9,963215.33,187278.42
1001379,Home,Mass,44.8,533452.7,2,135138.72,8.62,57.56,545179.96,84522.4
1001380,Health,Affluent,38.1,1319696.97,1,113221.36,8.55,37.45,1094092.27,71457.92
1001381,Auto,Mass,39.2,677396.62,0,0.0,3.23,35.7,948039.02,8414.92
1001382,Home,Mass,52.0,512656.22,1,171523.73,2.42,57.47,458534.53,102722.34
1001383,Travel,Mass,28.5,1049867.98,1,74203.97,1.06,36.91,538431.8,49455.51
1001384,Auto,Mass,67.3,206723.64,1,74064.67,16.18,50.97,207372.0,48546.37
1001385,Health,Mass,18.3,343558.77,1,114988.87,1.6,21.36,328959.42,69326.67
1001386,Home,Premium,34.2,816293.71,1,63164.42,7.24,32.86,999314.44,44539.53
1001387,Life,Mass,46.8,941748.01,1,118199.69,4.69,47.1,1278751.4,74428.75
1001388,Auto,Affluent,49.6,734558.35,1,67373.51,5.87,55.21,450660.53,47482.43
1001389,Travel,Mass,40.7,377550.68,0,0.0,3.13,28.62,204383.49,5975.04
1001390,Home,Affluent,41.3,573956.87,1,221497.2,7.68,45.3,674753.68,132145.17
1001391,Auto,Mass,47.3,1116059.99,0,0.0,7.59,36.98,908869.97,6364.25
1001392,Auto,Premium,39.0,1239390.17,1,138934.71,13.21,50.95,938767.04,86903.84
1001393,Auto,Premium,60.1,892005.28,2,62951.32,9.31,46.9,531918.91,45929.95
1001394,Health,Mass,52.9,1700458.74,1,423359.82,5.98,50.35,1044210.44,243120.79
1001395,Home,Premium,53.3,1119864.67,0,0.0,5.6,36.36,1226652.96,11438.82
1001396,Life,Corporate,29.4,596628.21,1,74067.81,6.92,43.74,1248899.93,56967.34
1001397,Home,Premium,41.0,771331.8,2,92816.05,9.85,51.7,722164.36,63344.11
1001398,Auto,Premium,38.1,416055.38,0,0.0,2.75,35.82,554508.31,9950.11
1001399,Health,Mass,28.9,848031.96,0,0.0,3.43,38.91,576965.9,8190.87
1001400,Health,Affluent,46.7,1659132.42,0,0.0,1.55,39.78,967260.72,11114.11
1001401,Auto,Mass,35.0,1311995.2,0,0.0,4.98,35.97,1079446.61,5846.07
1001402,Auto,Mass,50.5,1945938.95,2,89129.45,2.08,50.82,1822334.76,57311.51
1001403,Auto,Corporate,28.1,761894.34,0,0.0,5.91,35.92,412800.57,11427.36
1001404,Health,Mass,64.3,1887011.52,1,125983.82,12.43,51.41,1526023.99,83620.48
1001405,Health,Affluent,30.3,809225.36,3,113509.59,3.56,48.45,669335.44,72606.64
1001406,Home,Premium,44.9,2021846.66,1,84792.81,10.56,43.12,2307595.84,59509.78
1001407,Life,Premium,52.3,889245.68,1,134155.16,8.63,39.82,1197556.03,86706.2
1001408,Life,Corporate,34.6,1327923.89,1,412381.6,4.69,43.03,1929559.25,243783.84
1001409,Health,Mass,53.1,2025772.86,0,0.0,9.2,36.73,1393719.29,8422.76
1001410,Life,Mass,26.0,809170.43,0,0.0,7.53,40.32,974602.38,10003.23
1001411,Auto,Mass,60.9,1014862.8,0,0.0,0.9,47.3,614494.57,7481.44
1001412,Auto,Mass,42.2,1828533.66,0,0.0,13.38,32.02,1415350.78,5850.46
1001413,Auto,Mass,34.2,836513.8,0,0.0,8.25,36.72,614523.02,7609.87
1001414,Auto,Mass,38.1,435242.79,0,0.0,8.12,42.05,313889.94,6835.38
1001415,Health,Premium,52.5,2924996.73,0,0.0,2.66,39.53,1791428.73,10695.51
1001416,Travel,Affluent,34.4,695078.17,0,0.0,5.9,31.67,417592.31,6588.85
1001417,Auto,Mass,32.3,982117.14,1,107690.93,14.41,35.15,917910.24,64969.48
1001418,Auto,Affluent,39.1,1699685.36,0,0.0,5.56,43.79,1242344.8,9743.15
1001419,Home,Mass,26.7,644015.71,1,109989.16,3.03,47.89,762855.36,70002.67
1001420,Travel,Mass,65.7,517012.69,1,41484.57,7.27,48.69,245624.79,30460.52
1001421,Home,Premium,34.6,1034786.37,1,339834.42,6.43,48.68,1130474.24,199868.68
1001422,Health,Affluent,52.8,335694.91,4,121727.9,5.88,46.06,368679.87,76449.21
1001423,Auto,Premium,44.7,768197.16,1,75303.75,6.17,54.83,564693.32,54171.49
1001424,Auto,Mass,29.2,1029847.52,1,77033.32,6.15,41.03,720297.69,52133.29
1001425,Travel,Premium,41.9,775820.53,1,406186.51,11.77,45.92,482233.21,233557.35
1001426,Travel,Affluent,52.2,385097.58,2,558578.39,4.36,51.44,238855.05,316983.92
1001427,Auto,Affluent,39.6,2162872.85,1,201311.96,11.68,54.17,1638322.15,122301.79
1001428,Travel,Affluent,57.5,952738.77,1,123481.14,2.49,40.93,535469.98,77007.08
1001429,Health,Premium,55.3,1977380.82,1,395125.09,8.64,58.18,919161.85,231217.23
1001430,Life,Affluent,53.9,780063.11,2,208252.07,8.26,56.84,1371565.61,127470.58
1001431,Home,Affluent,36.0,554678.23,1,166836.88,3.66,47.98,595005.88,101613.53
1001432,Health,Corporate,28.0,1043613.27,0,0.0,3.68,33.05,936389.76,13805.02
1001433,Home,Affluent,34.0,799280.42,0,0.0,9.76,27.53,894327.22,8264.34
1001434,Health,Mass,44.6,470890.68,2,153124.59,4.64,58.51,398323.91,93393.78
1001435,Auto,Affluent,49.1,2019845.1,0,0.0,9.69,42.18,2038302.58,14583.43
1001436,Auto,Mass,18.0,639154.46,0,0.0,6.96,42.69,494494.54,7306.08
1001437,Home,Mass,41.9,327094.22,1,102856.56,4.23,43.56,326659.35,64789.65
1001438,Health,Affluent,44.1,1868490.37,0,0.0,9.16,35.96,1108712.42,9356.25
1001439,Auto,Corporate,38.4,682000.82,1,211426.09,15.18,53.86,717027.83,129196.85
1001440,Health,Corporate,58.8,644253.07,2,33166.43,14.05,68.52,412750.19,33537.46
1001441,Travel,Mass,47.5,340846.28,2,210765.23,4.05,52.71,131956.69,123663.69
1001442,Auto,Affluent,59.0,2344699.62,1,174316.96,1.3,43.42,2226373.3,108412.4
1001443,Health,Mass,39.2,442827.56,0,0.0,12.05,43.5,168946.47,6221.93
1001444,Home,Corporate,54.2,929402.57,0,0.0,8.75,39.34,810084.15,11707.88
1001445,Life,Corporate,63.3,1486732.36,4,366159.27,6.81,73.31,2576719.22,224737.18
1001446,Auto,Affluent,59.1,1134944.55,0,0.0,5.48,40.38,743292.15,7860.3
1001447,Health,Premium,27.8,870950.28,1,237750.0,12.44,52.76,467397.0,141097.43
1001448,Life,Affluent,38.7,353003.7,0,0.0,6.2,32.82,426989.17,8054.74
1001449,Travel,Affluent,37.5,576540.8,0,0.0,6.2,40.82,292908.76,9152.29
1001450,Health,Mass,48.4,997931.81,0,0.0,6.7,36.42,805983.98,5764.64
1001451,Home,Mass,50.9,583736.12,2,,8.14,51.43,574863.58,48373.24
1001452,Health,Affluent,31.1,1006508.27,1,66403.61,15.79,39.66,596227.09,43898.45
1001453,Life,Affluent,42.9,1309438.42,2,406710.16,5.56,56.8,1887795.33,236256.02
1001454,Health,Mass,18.0,1528086.15,1,159038.88,0.61,46.09,987284.52,96409.1
1001455,Auto,Corporate,60.7,458516.43,4,423373.63,20.0,72.47,394300.05,247297.59
1001456,Travel,Mass,35.3,3012573.85,1,66372.11,6.68,42.72,1683257.11,48423.98
1001457,Health,Affluent,42.7,1372663.65,3,152754.86,5.4,59.08,805258.74,94471.34
1001458,Health,Affluent,38.0,899151.89,3,162193.58,10.03,63.34,697983.57,100551.09
1001459,Auto,Affluent,56.9,1638669.46,0,0.0,20.0,48.22,1489354.12,10029.65
1001460,Health,Affluent,18.0,3305585.98,0,0.0,3.4,14.33,2412700.59,7330.87
1001461,Home,Mass,41.8,407931.27,1,144065.62,3.17,42.99,469277.99,87789.32
1001462,Health,Mass,40.6,795125.78,1,50106.45,3.19,43.07,671881.24,35437.91
1001463,Auto,Affluent,36.1,243290.78,0,0.0,9.87,41.83,171428.46,8106.06
1001464,Health,Affluent,64.4,1000598.01,4,260051.41,7.05,68.91,897191.94,155669.82
1001465,Travel,Mass,30.5,1100325.8,2,154163.9,11.45,53.94,656814.71,91533.6
1001466,Auto,Affluent,52.0,880822.03,0,0.0,5.01,33.1,565499.63,8968.77
1001467,Travel,Mass,46.6,627912.8,0,0.0,4.07,41.28,359487.36,8304.49
1001468,Home,Affluent,58.4,291535.5,0,0.0,3.86,48.35,362365.66,9891.49
1001469,Life,Premium,33.3,1105262.66,1,37817.55,3.9,32.71,1322859.31,31566.19
1001470,Life,Mass,32.5,2003966.47,0,0.0,4.46,53.94,2873691.36,16023.07
1001471,Health,Mass,56.2,650235.51,0,0.0,10.64,49.91,420976.23,9387.51
1001472,Health,Premium,47.5,1146452.56,1,61802.0,6.31,46.17,801684.05,45595.1
1001473,Life,Affluent,21.9,379902.78,1,123417.47,5.87,34.72,635776.3,77210.8
1001474,Home,Affluent,35.0,1157319.63,0,0.0,2.52,35.67,1375206.68,9734.13
1001475,Home,Premium,47.0,724900.57,1,50645.98,2.82,46.63,737009.82,38509.54
1001476,Health,Premium,52.9,591738.55,0,0.0,8.81,43.92,576417.06,10716.41
1001477,Life,Corporate,33.2,592407.51,0,0.0,5.35,47.0,885588.88,16045.08
1001478,Life,Affluent,18.0,724809.16,2,141638.45,14.94,42.83,891279.51,87947.58
1001479,Life,Affluent,48.8,1110685.96,0,0.0,2.25,43.88,1609530.66,9902.52
1001480,Home,Mass,26.1,437337.41,2,178684.14,17.54,38.9,474251.75,105729.03
1001481,Life,Mass,18.0,723413.75,1,172784.61,2.45,36.76,1253261.17,103419.71
1001482,Auto,Affluent,18.0,879703.82,1,152328.45,7.3,42.3,639381.82,92770.48
1001483,Health,Mass,52.6,491726.76,1,162248.14,0.85,52.11,327527.21,97431.17
1001484,Auto,Corporate,43.7,2417672.61,2,27845.24,5.67,46.54,2626886.46,28402.1
1001485,Home,Affluent,39.1,562826.97,5,372186.44,3.24,67.21,432561.26,217660.09
1001486,Home,Affluent,60.1,622786.93,2,356939.37,5.46,65.64,676591.32,208612.01
1001487,Home,Mass,50.3,525486.97,0,0.0,5.39,48.4,695761.85,8075.51
1001488,Health,Mass,63.0,2420087.1,1,305891.8,2.52,51.02,1732452.88,179158.09
1001489,Home,Mass,23.9,1219861.54,1,206690.49,2.71,25.3,1593976.8,120646.69
1001490,Home,Mass,41.6,537683.0,0,0.0,8.4,55.92,844956.03,8595.2
1001491,Auto,Mass,21.0,1653785.4,0,0.0,5.61,33.68,1421305.87,9253.3
1001492,Home,Affluent,39.0,1005036.41,0,0.0,4.41,35.6,981149.71,10140.15
1001493,Auto,Premium,38.8,1036789.44,1,54913.72,5.45,40.57,998023.61,41101.83
1001494,Auto,Premium,50.1,744663.4,0,0.0,5.28,42.87,729179.04,10888.23
1001495,Health,Affluent,42.6,595985.28,0,0.0,2.64,41.28,262276.17,8974.98
1001496,Health,Mass,50.1,1083732.22,1,74161.85,0.81,53.38,796965.14,50849.6
1001497,Health,Premium,51.1,666871.11,1,135567.35,0.81,40.47,392367.6,85168.14
1001498,Home,Premium,70.0,2444535.39,0,0.0,3.42,42.42,2707388.51,16297.28
1001499,Home,Mass,37.9,447772.22,1,46140.51,12.23,58.25,407832.7,34680.5
1001500,Life,Affluent,29.8,2094941.67,0,0.0,11.41,37.32,3101954.91,11386.39
1001501,Health,Mass,45.2,846550.11,0,0.0,10.62,37.94,593596.82,6704.74
1001502,Home,Premium,31.6,1060920.19,3,371299.69,8.47,49.05,1308937.66,218132.28
1001503,Auto,Corporate,61.3,1423155.03,1,69012.49,18.73,52.72,1483396.78,51527.46
1001504,Home,Mass,38.3,636355.68,2,259898.81,8.38,57.85,597138.21,152012.13
1001505,Home,Premium,34.6,1447700.01,0,0.0,5.87,42.94,1153040.53,11585.12
1001506,Home,Affluent,35.9,203008.05,3,230506.72,1.47,54.78,171965.56,137969.45
1001507,Health,Corporate,51.3,605709.51,5,1200000.0,6.69,75.52,340203.36,675393.09
1001508,Health,Mass,39.9,541401.0,0,0.0,4.24,49.69,534569.8,8208.03
1001509,Health,Premium,33.7,451676.61,1,171544.24,5.48,50.6,176110.53,106382.11
1001510,Life,Mass,63.6,799646.38,1,98042.85,11.31,44.21,1100167.91,63026.65
1001511,Life,Mass,30.9,1112713.88,0,0.0,9.05,18.17,1092260.07,7016.04
1001512,Health,Mass,42.5,1324589.35,1,44337.19,8.16,47.12,1255345.85,34688.25
1001513,Travel,Corporate,50.5,1027492.84,1,104120.43,4.51,52.4,541569.7,71438.1
1001514,Auto,Premium,20.8,624070.51,1,49527.56,7.37,32.65,455537.39,36568.17
1001515,Auto,Premium,48.2,1102520.06,2,105896.93,20.0,52.75,695674.72,69216.22
1001516,Auto,Corporate,28.3,963672.87,1,247767.1,11.87,40.08,641719.83,149015.44
1001517,Health,Mass,52.7,1506019.95,0,0.0,3.86,41.52,1156892.75,9722.45
1001518,Life,Mass,29.5,1379822.23,0,0.0,5.94,31.87,1715691.7,
1001519,Auto,Mass,51.0,915212.97,1,66882.3,6.91,55.95,721896.12,45642.94
1001520,Travel,Mass,56.4,549443.31,1,85181.21,5.27,49.14,320195.51,54888.53
1001521,Auto,Mass,53.2,628459.87,0,0.0,18.7,34.75,409590.19,6539.06
1001522,Travel,Mass,45.3,665148.69,0,0.0,5.66,45.58,335420.37,7972.06
1001523,Home,Mass,39.0,756723.77,2,232410.84,6.91,41.93,828715.01,136874.71
1001524,Auto,Mass,34.5,1042964.58,0,0.0,10.85,45.78,635601.73,6606.96
1001525,Home,Mass,61.1,1333737.83,1,59609.06,5.38,56.08,1815173.04,43323.7
1001526,Auto,Mass,32.9,875048.65,1,135765.61,2.33,52.67,806524.74,83368.51
1001527,Auto,Corporate,28.5,908017.27,1,71512.13,3.4,40.87,669681.13,53148.19
1001528,Home,Affluent,50.6,973807.1,1,386837.71,3.38,43.37,919138.07,222759.77
1001529,Life,Corporate,31.7,677660.78,1,195927.12,5.49,,920628.19,123197.85
1001530,Health,Mass,29.6,541005.27,0,0.0,6.47,35.13,389517.28,6496.86
1001531,Home,Mass,23.2,342716.62,1,51135.95,1.8,36.24,347555.51,35494.8
1001532,Health,Premium,35.7,614041.56,1,79853.29,13.79,39.68,565870.09,54545.15
1001533,Health,Mass,40.9,1167505.57,1,72975.34,5.46,42.14,669161.02,49547.47
1001534,Auto,Mass,45.2,611425.72,2,545771.69,7.39,43.95,518346.5,307545.09
1001535,Home,Mass,54.4,789658.75,2,74590.37,4.42,58.91,906098.85,48822.52
1001536,Auto,Mass,48.8,1163202.17,1,93103.0,7.14,46.08,967279.78,57770.06
1001537,Auto,Mass,39.5,1198437.6,1,91202.35,4.95,42.24,903197.61,58352.4
1001538,Health,Mass,39.4,497030.65,0,0.0,4.59,30.1,390813.55,5497.83
1001539,Auto,Affluent,48.6,1557406.8,1,91215.61,1.69,38.28,1031010.55,58612.28
1001540,Health,Mass,58.5,1673106.43,3,240277.91,7.67,75.13,1451519.4,144553.0
1001541,Health,Mass,43.6,483464.24,2,273894.45,3.29,47.41,300390.3,157606.93
1001542,Auto,Premium,35.9,572083.23,0,0.0,2.57,41.37,507427.64,10249.62
1001543,Health,Mass,29.1,1732801.32,1,110711.75,3.73,43.24,1243291.42,68488.9
1001544,Auto,Mass,23.2,830165.71,1,14391.65,3.23,21.38,618506.12,12493.24
1001545,Travel,Premium,50.7,265474.0,2,183316.88,0.93,65.89,117207.96,113266.94
1001546,Home,Mass,49.5,416784.76,2,59878.33,12.18,57.88,457282.14,41430.03
1001547,Life,Mass,49.5,784652.91,1,142061.6,9.76,41.22,934714.94,87367.43
1001548,Health,Affluent,40.3,474718.17,1,216152.9,4.88,44.37,362022.87,128900.24
1001549,Auto,Mass,60.3,716954.01,1,58925.44,8.74,40.92,503782.94,39372.0
1001550,Health,Affluent,35.7,916179.84,0,0.0,9.07,49.84,666273.57,9316.43
1001551,Travel,Premium,54.4,2011497.59,2,109011.07,4.2,47.82,912161.4,71626.72
1001552,Health,Mass,41.5,767121.43,0,0.0,12.35,34.67,334011.68,5763.54
1001553,Life,Affluent,34.1,1623423.96,0,0.0,2.71,31.59,2026443.77,8480.04
1001554,Life,Affluent,49.7,1974781.13,2,484500.55,2.43,53.7,3969448.39,276660.79
1001555,Auto,Mass,47.3,1980817.83,2,231447.67,11.29,62.2,1606970.03,135737.62
1001556,Auto,Affluent,46.6,1052590.75,0,0.0,6.83,51.99,955424.32,11696.48
1001557,Health,Mass,43.1,305694.35,3,264284.42,3.2,55.38,181799.26,154130.41
1001558,Home,Affluent,41.5,1159620.92,2,276584.59,5.68,53.98,1156106.16,160102.34
1001559,Life,Mass,73.0,1602010.53,3,83031.93,5.33,65.34,2350845.87,58107.08
1001560,Life,Mass,57.4,860753.23,1,80144.83,4.93,41.46,1487412.25,51512.06
1001561,Home,Mass,51.4,2349401.5,0,0.0,3.18,57.47,2477790.35,12121.06
1001562,Auto,Premium,43.5,1444189.04,1,210340.2,3.15,54.8,970164.82,128207.88
1001563,Life,Mass,55.1,1230216.1,1,69015.44,10.07,49.14,1943161.73,48652.85
1001564,Auto,Mass,48.7,1635827.64,1,41944.34,4.62,57.49,806980.2,32533.77
1001565,Life,Mass,42.3,1081114.99,2,172192.47,10.55,60.0,1798867.99,105550.3
1001566,Home,Affluent,38.1,228457.22,0,0.0,1.46,38.14,165787.33,8165.22
1001567,Health,Affluent,40.9,683938.73,0,0.0,9.18,40.49,483483.16,8619.63
1001568,Auto,Affluent,18.0,1738602.97,0,0.0,2.56,43.74,1193565.65,11349.0
1001569,Health,Premium,44.7,577217.72,0,0.0,16.12,32.42,466149.46,10451.1
1001570,Home,Premium,35.6,795909.02,1,109121.94,8.13,55.26,889959.95,72535.01
1001571,Health,Mass,62.7,506606.61,2,352719.62,2.77,54.42,502243.69,203362.33
1001572,Auto,Affluent,42.3,,0,0.0,9.16,49.17,1401267.53,11087.12
1001573,Health,Premium,26.5,2269274.86,0,0.0,2.17,35.0,1954228.57,14882.06
1001574,Life,Corporate,41.4,553502.83,2,186911.13,5.02,53.66,870331.87,117539.15
1001575,Auto,Premium,28.4,975947.37,0,0.0,1.02,35.21,749411.59,11027.7
1001576,Auto,Mass,48.2,619011.0,3,136846.84,1.65,55.57,555267.51,83837.97
1001577,Auto,Mass,45.8,1262203.54,0,0.0,3.83,37.38,1101896.73,7954.25
1001578,Health,Affluent,54.5,1191204.73,2,135071.3,10.3,63.83,911667.75,86972.07
1001579,Health,Affluent,31.7,1406462.31,2,52006.24,1.66,32.98,896486.55,36603.24
1001580,Health,Affluent,42.4,1080252.31,1,61756.93,10.2,36.36,624892.57,42122.63
1001581,Auto,Affluent,24.3,4522716.9,0,0.0,1.31,29.46,4358447.37,16247.22
1001582,Home,Premium,51.1,511341.0,1,91233.65,10.18,39.4,732691.6,61628.29
1001583,Health,Mass,48.7,351272.73,2,119387.34,4.11,63.49,252007.12,76032.78
1001584,Home,Premium,48.4,725017.04,2,322230.71,3.03,61.66,429028.07,191255.11
1001585,Travel,Mass,42.0,379935.39,1,221682.4,13.06,49.09,199997.63,128860.53
1001586,Auto,Mass,47.4,396050.02,1,131452.4,20.0,41.66,337703.11,79776.95
1001587,Health,Mass,62.9,518879.51,2,68939.52,5.06,65.37,461927.66,48362.05
1001588,Home,Premium,38.3,541959.28,0,0.0,7.5,26.51,549353.39,7251.79
1001589,Home,Mass,43.8,532378.56,2,442436.43,3.99,66.83,477215.27,253793.67
1001590,Health,Mass,27.9,1196810.27,1,123110.24,11.61,37.04,1008799.93,74768.03
1001591,Health,Corporate,30.7,681291.85,0,0.0,7.82,34.12,378107.64,12202.59
1001592,Travel,Mass,43.3,815386.1,0,0.0,8.29,35.71,526274.64,6071.85
1001593,Auto,Affluent,56.4,1471772.58,0,0.0,5.44,34.09,1635153.74,10863.63
1001594,Auto,Affluent,38.7,590469.14,0,0.0,7.1,51.18,235325.54,9465.98
1001595,Health,Affluent,38.9,778130.71,2,500359.97,5.44,56.29,434470.26,285211.12
1001596,Health,Affluent,36.7,1100547.16,3,122264.17,5.21,65.28,739761.78,79162.21
1001597,Auto,Mass,35.0,309368.3,0,0.0,10.08,28.34,129999.25,4866.57
1001598,Auto,Affluent,45.8,242426.05,1,103049.11,7.98,47.05,323426.13,65579.07
1001599,Auto,Mass,22.5,1088721.44,0,0.0,3.89,37.81,1108019.36,6787.73
1001600,Life,Affluent,58.7,1179684.86,0,0.0,10.1,44.0,2104813.72,11704.45
1001601,Auto,Mass,33.3,2800955.36,0,0.0,7.53,28.41,3225496.21,8337.93
1001602,Home,Affluent,51.4,981760.06,0,0.0,7.4,48.03,1103490.42,10297.26
1001603,Auto,Mass,25.5,1412690.9,0,0.0,5.27,35.66,915977.28,9366.97
1001604,Home,Mass,50.7,808260.82,1,119037.75,2.32,40.17,914757.26,73646.66
1001605,Auto,Mass,50.7,1059836.29,2,349491.97,9.58,40.38,783741.02,197891.89
1001606,Health,Mass,47.0,2251576.75,0,0.0,12.43,43.79,1533417.3,10278.98
1001607,Auto,Premium,29.1,279834.6,0,0.0,3.23,52.75,255309.38,11877.91
1001608,Life,Mass,45.2,1129899.2,0,0.0,4.2,32.05,1471246.5,5883.66
1001609,Auto,Corporate,26.6,2913083.63,0,0.0,3.22,36.25,2479975.14,12931.23
1001610,Health,Corporate,38.7,1051017.04,1,215290.62,1.83,51.99,499346.76,132842.33
1001611,Life,Affluent,55.4,2231010.48,1,163729.46,14.96,39.0,2986623.21,103439.63
1001612,Health,Mass,52.4,636718.78,0,0.0,4.13,37.36,501691.39,7360.06
1001613,Health,Mass,42.2,884275.48,2,293750.75,9.98,45.46,387555.03,169513.44
1001614,Home,Premium,29.3,,1,119678.27,11.23,49.04,1179119.82,76974.92
1001615,Home,Mass,50.4,265793.49,0,0.0,2.66,49.57,139575.78,7429.88
1001616,Health,Mass,42.3,473379.29,1,161785.12,13.88,46.11,380878.11,97748.16
1001617,Travel,Affluent,18.0,492312.4,2,131371.5,4.47,40.27,295947.87,80361.82
1001618,Health,Premium,52.2,1414499.6,0,0.0,9.27,37.58,896103.91,11005.26
1001619,Health,Premium,41.7,1454007.73,1,135602.82,11.34,40.46,1200692.46,
1001620,Health,Mass,57.6,1075579.44,0,0.0,4.06,35.04,1256794.34,9099.02
1001621,Home,Affluent,27.8,1416085.08,0,0.0,2.6,34.59,1521417.73,10171.11
1001622,Auto,Mass,18.0,822306.0,1,160922.83,3.46,43.68,433095.52,96459.15
1001623,Health,Mass,45.6,1743164.09,1,269660.01,9.9,49.17,1428242.89,154038.3
1001624,Travel,Premium,45.8,904360.81,2,159863.31,15.96,52.22,531484.9,98295.12
1001625,Auto,Mass,20.0,929103.36,0,0.0,5.01,34.0,836352.82,7716.61
1001626,Health,Mass,29.3,777682.87,0,0.0,4.26,35.07,699587.09,7879.59
1001627,Auto,Mass,77.8,1311389.48,1,71210.34,20.0,43.74,707460.01,45934.43
1001628,Health,Premium,38.0,713894.66,2,119503.06,8.61,51.69,571517.21,76431.87
1001629,Auto,Premium,51.5,1539837.27,2,224304.22,2.13,49.45,1152091.9,135993.3
1001630,Home,Affluent,33.5,482853.23,0,0.0,3.07,27.15,575720.28,5874.61
1001631,Life,Affluent,18.0,491760.02,1,76547.52,1.61,42.25,919446.44,51785.63
1001632,Home,Mass,39.8,1313537.92,1,111811.48,6.83,40.17,1122200.38,72070.54
1001633,Health,Mass,38.5,857220.73,1,91293.98,5.41,45.77,705385.02,59832.24
1001634,Life,Mass,36.8,,0,0.0,4.65,43.23,1093239.19,9778.01
1001635,Travel,Mass,40.5,1468396.86,2,533975.28,2.06,44.46,583132.87,302081.56
1001636,Auto,Affluent,45.4,644452.41,0,0.0,3.15,39.84,583011.79,7120.72
1001637,Home,Corporate,40.0,806161.48,1,146615.32,5.43,31.84,946895.51,92384.11
1001638,Auto,Mass,25.6,1942964.42,3,125944.91,5.54,65.05,1274582.71,79866.66
1001639,Travel,Mass,48.3,2098384.52,1,168512.55,8.63,36.82,1369523.94,99493.35
1001640,Travel,Mass,18.0,2137118.66,0,0.0,1.22,29.56,892537.75,6885.16
1001641,Health,Mass,18.0,770643.27,0,0.0,9.63,42.53,428322.69,8504.97
1001642,Life,Premium,51.6,1770967.63,0,0.0,3.49,38.91,2317988.23,12539.0
1001643,Health,Mass,48.6,534039.98,0,0.0,6.93,31.51,478033.01,6291.4
1001644,Health,Mass,41.3,546534.91,0,0.0,13.99,43.27,300237.94,7463.66
1001645,Auto,Premium,23.9,247063.17,0,0.0,5.16,39.28,165647.9,9223.62
1001646,Life,Mass,32.8,2258536.41,1,84209.87,13.36,38.48,3603132.47,55222.39
1001647,Auto,Affluent,38.6,559590.82,0,0.0,20.0,34.01,475433.04,6332.41
1001648,Life,Mass,21.3,839496.11,0,0.0,5.81,30.83,1459193.66,8546.59
1001649,Life,Affluent,32.4,545507.4,1,184737.53,18.92,41.38,683341.44,110589.98
1001650,Health,Corporate,50.5,1319140.48,2,225971.93,3.11,40.05,829683.14,137392.91
1001651,Auto,Premium,60.6,732011.52,0,0.0,7.15,41.25,385449.09,9940.57
1001652,Home,Mass,36.5,439108.03,2,49708.68,4.62,62.73,699942.25,36772.06
1001653,Auto,Premium,51.8,1147463.55,1,73669.58,6.0,40.83,1133879.65,52350.89
1001654,Home,Mass,18.0,409052.39,1,174594.37,4.74,35.58,487513.4,103420.1
1001655,Auto,Mass,50.6,567829.74,0,0.0,1.14,32.04,585689.09,7096.62
1001656,Travel,Mass,31.5,282479.43,2,197714.98,6.82,53.43,137802.87,116241.58
1001657,Health,Mass,46.0,411256.79,0,0.0,3.76,47.74,250326.86,7715.52
1001658,Home,Affluent,38.8,992856.17,0,0.0,9.98,45.99,1164357.82,9841.26
1001659,Home,Affluent,59.2,305484.78,0,0.0,12.07,33.48,297605.49,7929.74
1001660,Home,Premium,30.6,398522.76,0,0.0,3.05,39.44,540442.51,11610.28
1001661,Health,Affluent,50.2,898828.15,4,299468.82,1.95,76.27,786989.21,177765.79
1001662,Health,Affluent,38.4,667414.29,2,97869.28,3.1,54.21,513961.16,65019.62
1001663,Life,Mass,39.9,2691933.3,1,87477.38,2.6,47.84,2994036.2,61453.67
1001664,Home,Mass,39.6,2467690.23,2,51352.47,3.48,47.61,2517203.09,39298.79
1001665,Travel,Affluent,31.0,558378.7,1,110239.59,5.1,44.06,126003.15,68788.93
1001666,Life,Mass,41.8,1222704.46,1,138833.15,9.42,53.55,1961865.71,88662.1
1001667,Auto,Premium,41.2,1358994.23,0,0.0,13.02,40.56,945752.72,9424.56
1001668,Travel,Mass,45.1,647929.17,0,0.0,10.63,30.39,359921.39,5548.2
1001669,Auto,Mass,43.1,395379.84,1,127601.92,17.02,41.99,341344.23,76521.75
1001670,Life,Mass,52.4,893932.81,1,84385.64,2.19,55.69,1263398.88,57138.09
1001671,Home,Mass,54.0,818382.35,2,138742.06,5.32,56.35,916153.16,85986.88
1001672,Life,Mass,28.3,708198.41,0,0.0,3.09,36.27,763290.97,7706.93
1001673,Life,Affluent,53.3,1147876.56,2,144171.01,10.26,50.05,1524146.31,88727.25
1001674,Life,Mass,26.6,595554.84,0,0.0,6.48,43.37,1034766.51,10644.59
1001675,Life,Affluent,49.6,477610.77,2,231934.34,3.23,64.76,570681.22,139774.08
1001676,Home,Mass,50.1,955648.72,1,75878.5,9.44,55.55,1193982.58,51419.52
1001677,Auto,Mass,18.0,1112848.6,2,210132.21,10.17,56.26,1106617.81,124804.76
1001678,Home,Mass,43.2,471179.93,0,0.0,4.64,36.19,511382.14,8193.44
1001679,Auto,Premium,35.9,1499436.42,0,0.0,8.31,33.6,2084075.12,14621.09
1001680,Health,Mass,32.1,339892.75,0,0.0,5.81,35.18,238685.1,6787.5
1001681,Home,Affluent,59.6,654867.13,2,172623.55,4.56,55.57,545201.14,106005.6
1001682,Travel,Mass,33.5,780933.55,0,0.0,4.65,46.59,463072.78,6870.85
1001683,Health,Premium,31.5,634268.09,1,87082.06,3.61,50.79,498615.2,58843.44
1001684,Life,Mass,43.0,659585.43,1,68460.74,6.53,48.93,776750.2,45541.03
1001685,Auto,Affluent,50.9,2518668.65,1,76186.59,5.31,36.88,1643722.1,50591.18
1001686,Life,Affluent,40.2,563635.92,1,74456.27,7.98,32.72,1000585.23,48103.84
1001687,Travel,Corporate,57.2,3446335.29,2,140052.56,0.66,56.46,1611971.73,94739.71
1001688,Home,Mass,48.9,1144604.56,2,578869.5,8.15,59.12,1096298.14,329224.47
1001689,Health,Mass,18.0,946740.55,1,46686.97,0.26,39.1,558448.36,33692.13
1001690,Life,Mass,35.1,1169494.59,1,63431.94,8.09,56.83,1535031.21,47479.91
1001691,Auto,Premium,34.7,3618645.36,0,0.0,5.99,29.26,2793796.53,9756.76
1001692,Health,Affluent,48.2,521087.83,1,77581.06,0.96,37.85,391066.86,51124.31
1001693,Home,Premium,18.0,485978.75,0,0.0,5.87,28.51,286238.43,8751.52
1001694,Auto,Mass,75.1,594201.42,0,0.0,8.5,40.81,511016.36,7999.98
1001695,Home,Mass,48.9,916052.33,0,0.0,5.79,43.64,783850.66,7704.53
1001696,Auto,Mass,43.9,348354.5,3,459641.79,5.35,55.41,367458.65,261488.78
1001697,Auto,Corporate,57.4,911126.13,1,152957.56,4.2,37.48,1201078.95,98105.22
1001698,Auto,Affluent,72.5,2284370.3,2,75266.85,6.57,64.38,1693126.7,56518.72
1001699,Travel,Corporate,53.3,978155.67,1,25178.35,7.58,35.11,392691.79,25370.61
1001700,Health,Mass,54.3,766180.48,4,162247.49,5.02,59.66,571592.96,99594.98
1001701,Travel,Affluent,43.7,640600.82,0,0.0,5.45,27.45,297541.82,6447.92
1001702,Home,Affluent,40.2,1475240.34,0,0.0,2.89,39.49,2182127.87,14226.03
1001703,Home,Mass,35.8,571455.57,1,182742.55,9.66,44.88,718869.02,108598.31
1001704,Health,Premium,31.3,2484713.2,0,0.0,2.98,49.49,2152925.81,13992.35
1001705,Home,Corporate,33.1,2606445.32,1,63599.48,6.72,49.37,2492010.12,50284.64
1001706,Auto,Premium,24.4,1036502.87,0,0.0,5.41,44.67,984662.12,12564.49
1001707,Health,Affluent,41.0,894318.04,1,97242.14,3.05,46.74,572631.53,63571.64
1001708,Auto,Mass,20.1,1586455.65,1,72500.91,10.94,33.28,1302206.87,48138.49
1001709,Health,Mass,44.5,1643418.73,1,92111.39,1.31,46.38,864475.61,60119.23
1001710,Health,Corporate,41.5,577725.77,0,0.0,4.6,42.48,382458.63,12510.63
1001711,Auto,Mass,43.9,673703.05,2,75458.65,6.01,56.79,608072.2,51178.86
1001712,Auto,Affluent,35.2,434894.59,0,0.0,14.26,33.64,432093.58,7344.72
1001713,Life,Affluent,80.0,1127074.35,1,128863.26,8.28,56.72,1661446.19,82569.98
1001714,Home,Affluent,59.7,1298597.48,2,271182.78,1.83,48.8,1113637.33,159396.88
1001715,Auto,Corporate,25.8,428347.88,1,144510.16,1.47,34.08,373257.85,91316.15
1001716,Travel,Mass,45.0,700668.84,0,0.0,12.67,31.3,346584.68,6070.96
1001717,Auto,Mass,34.1,428977.77,1,122929.9,12.35,43.37,384078.76,75509.71
1001718,Health,Mass,28.8,548976.08,1,98592.86,8.88,33.79,289526.47,59856.62
1001719,Travel,Mass,24.6,,1,83863.41,3.41,38.13,327593.27,53306.7
1001720,Auto,Mass,47.6,601231.24,0,0.0,3.49,46.0,741875.43,8353.19
1001721,Auto,Mass,33.1,762757.75,1,88374.29,1.52,35.79,526620.69,55889.98
1001722,Auto,Premium,54.6,367738.95,1,152071.22,9.64,44.18,216992.19,94409.05
1001723,Home,Corporate,54.9,997487.26,1,372206.53,2.32,48.28,1295570.26,220305.89
1001724,Auto,Mass,59.9,878349.38,1,115802.94,6.96,50.6,999501.96,71354.7
1001725,Health,Mass,30.9,602728.7,1,112632.35,5.75,39.01,335982.82,68712.63
1001726,Auto,Corporate,48.2,811136.95,1,78728.71,4.33,51.81,538403.85,56998.77
1001727,Health,Mass,50.2,993820.84,1,86553.23,3.77,50.88,701417.11,57523.09
1001728,Travel,Mass,35.8,574912.17,1,331708.02,7.01,51.56,347418.58,190446.09
1001729,Life,Mass,32.0,399594.53,0,0.0,12.85,35.66,912988.09,6145.72
1001730,Health,Affluent,62.9,2429548.46,3,,7.63,58.95,1459007.74,238457.07
1001731,Home,Mass,45.0,635298.38,3,201420.04,5.26,53.81,877494.42,121235.63
1001732,Health,Corporate,50.3,853355.91,1,103256.65,9.59,48.91,528368.56,69854.29
1001733,Health,Mass,31.3,1569255.56,1,134648.07,14.05,39.95,1246267.38,82182.51
1001734,Home,Affluent,26.1,6000000.0,1,56412.15,3.25,37.47,4994179.29,50939.25
1001735,Auto,Mass,34.6,453922.83,1,122325.76,6.42,40.17,302657.77,73479.43
1001736,Life,Mass,40.4,1152627.88,0,0.0,2.82,33.3,1659372.54,8394.32
1001737,Home,Affluent,28.2,609867.06,0,0.0,13.18,36.79,627512.81,8081.57
1001738,Auto,Affluent,41.9,669184.69,1,151234.03,7.84,35.02,524696.34,91367.79
1001739,Home,Affluent,20.0,605635.4,0,0.0,5.77,35.73,524230.87,9481.41
1001740,Home,Affluent,27.4,484580.97,0,0.0,4.29,39.97,495347.11,8199.07
1001741,Life,Premium,50.7,879791.12,4,1166808.34,7.74,62.29,1465186.28,656715.79
1001742,Health,Premium,49.8,399981.5,1,109597.95,20.0,60.12,319529.08,72396.43
1001743,Life,Affluent,36.9,1514951.83,0,0.0,3.9,37.44,2377889.36,7779.19
1001744,Auto,Mass,28.8,927642.46,0,0.0,0.76,24.6,853028.78,6208.95
1001745,Home,Mass,28.6,1135392.86,1,58852.02,6.71,40.03,1421020.4,39494.46
1001746,Home,Mass,37.1,696446.53,0,0.0,4.88,37.81,709083.59,7222.04
1001747,Auto,Affluent,50.4,735413.26,2,349037.12,3.33,56.43,520040.12,200626.78
1001748,Auto,Mass,54.1,1054218.39,1,25946.34,9.53,45.79,790700.18,23438.45
1001749,Life,Mass,35.5,474455.07,1,79053.29,7.72,36.44,738949.91,51294.34
1001750,Auto,Premium,27.0,739149.37,1,65789.02,3.68,33.98,756752.93,45639.48
1001751,Health,Premium,45.5,560936.29,2,101169.82,15.11,47.63,510317.73,66886.38
1001752,Auto,Premium,31.3,551466.95,2,123269.59,16.31,45.18,582702.32,77308.34
1001753,Auto,Mass,35.3,282021.62,2,378465.48,3.17,42.01,122213.69,214855.46
1001754,Auto,Affluent,59.2,1879994.98,0,0.0,4.9,37.1,1225590.56,11207.49
1001755,Travel,Mass,52.8,616956.46,0,0.0,15.03,45.42,493992.84,8156.01
1001756,Life,Mass,44.1,1706588.44,3,482235.2,3.18,69.93,2808070.34,278068.55
1001757,Travel,Mass,25.5,1620079.56,0,0.0,6.06,40.09,934765.72,8753.13
1001758,Home,Mass,44.7,443676.16,0,0.0,7.21,48.19,377487.7,8511.65
1001759,Auto,Mass,55.8,494609.51,3,137431.24,8.4,67.8,422671.55,84537.05
1001760,Health,Premium,37.1,3680012.36,2,93167.83,16.61,56.2,2446131.62,63820.98
1001761,Home,Mass,59.6,2357610.84,1,54521.26,12.34,46.44,1990447.69,42826.88
1001762,Life,Affluent,58.8,884532.79,0,0.0,5.07,43.12,1237640.21,9163.5
1001763,Auto,Affluent,63.6,1036857.7,0,0.0,7.03,40.25,699056.81,10827.88
1001764,Home,Mass,46.0,636146.73,1,223303.27,7.67,44.28,535813.05,130589.07
1001765,Auto,Affluent,49.6,1141603.07,0,0.0,2.71,40.6,900962.4,10757.92
1001766,Home,Mass,60.4,606645.57,0,0.0,2.27,47.48,530676.3,8667.09
1001767,Health,Affluent,47.8,294300.16,3,276560.57,4.4,62.18,289259.49,163746.84
1001768,Home,Mass,35.5,435083.98,0,0.0,6.91,35.87,605552.81,8388.76
1001769,Home,Mass,36.2,910501.71,0,0.0,5.17,37.55,998593.49,9523.23
1001770,Home,Mass,45.1,483140.64,0,0.0,0.51,42.16,317281.37,7772.31
1001771,Home,Affluent,25.2,867306.26,1,85681.95,2.93,45.92,828751.82,56766.48
1001772,Life,Premium,40.1,498364.23,2,70283.02,19.45,40.4,964282.72,49819.34
1001773,Life,Mass,56.3,585285.7,0,0.0,19.35,34.03,871386.16,6005.12
1001774,Travel,Affluent,18.0,1438902.12,1,51093.37,8.24,47.41,917747.45,38136.32
1001775,Life,Affluent,61.9,1031231.57,0,0.0,14.65,42.4,1809663.32,9502.69
1001776,Home,Corporate,56.6,,1,330694.04,12.89,45.18,634346.92,195973.72
1001777,Health,Premium,36.0,1459464.62,0,0.0,11.9,35.28,1116238.86,9918.99
1001778,Home,Affluent,49.1,1172307.71,2,190394.98,6.23,51.15,1342847.26,113769.83
1001779,Auto,Affluent,42.0,1994212.62,0,0.0,2.74,42.35,1880431.34,12825.03
1001780,Life,Premium,58.0,698875.19,1,75269.06,9.22,40.7,1413830.23,54064.9
1001781,Auto,Mass,54.8,710589.94,1,119540.68,6.48,47.92,657558.56,73847.17
1001782,Life,Mass,23.8,440004.37,0,0.0,2.29,36.16,672053.95,9293.25
1001783,Home,Mass,49.6,710845.69,2,196254.97,6.92,55.89,942566.77,118695.79
1001784,Health,Premium,39.3,1529992.64,0,0.0,5.53,39.41,1045636.15,10507.88
1001785,Health,Premium,43.1,1839755.24,0,0.0,3.5,42.29,1060751.1,11380.64
1001786,Life,Mass,32.5,1526240.2,0,0.0,4.67,32.35,2368096.13,7376.67
1001787,Health,Affluent,64.7,335489.02,3,174952.24,14.44,56.35,271122.66,105637.85
1001788,Health,Mass,55.5,1632919.23,2,68717.19,3.58,71.61,939239.02,50080.47
1001789,Auto,Mass,32.4,327408.79,0,0.0,4.94,34.22,409918.2,6592.72
1001790,Health,Corporate,24.7,1474920.39,1,66646.48,5.1,39.83,1209853.13,51139.18
1001791,Auto,Mass,37.0,735178.46,3,318752.43,3.51,61.58,567347.92,185966.74
1001792,Health,Mass,47.6,1324497.06,1,85988.73,0.95,57.36,1129488.2,58515.19
1001793,Health,Affluent,45.1,432485.23,1,73620.76,8.97,41.82,338401.26,49755.2
1001794,Health,Affluent,58.3,1713917.49,2,275318.86,7.23,48.03,977184.68,159905.85
1001795,Auto,Mass,52.3,402083.05,2,157090.98,2.41,45.0,375359.39,94033.48
1001796,Auto,Affluent,54.6,623123.39,1,84943.37,7.23,58.86,504167.87,57745.91
1001797,Health,Affluent,46.2,519799.27,2,368435.15,14.99,45.11,492095.68,210759.03
1001798,Auto,Mass,23.9,342934.03,0,0.0,9.89,34.27,226608.95,6029.21
1001799,Auto,Mass,39.5,948028.84,1,69619.5,6.93,37.54,477307.05,45543.61
1001800,Auto,Affluent,55.8,,0,0.0,5.1,31.33,1806566.91,10161.88
1001801,Travel,Mass,41.3,3901797.55,1,78843.2,5.25,42.75,2379782.58,54211.88
1001802,Health,Corporate,48.5,949400.23,0,0.0,15.27,33.31,574255.47,11837.39
1001803,Home,Premium,37.9,1663317.64,1,120884.17,2.85,39.19,1326654.76,78924.96
1001804,Auto,Corporate,28.6,1022541.85,0,0.0,3.0,49.54,939894.63,12132.27
1001805,Home,Mass,40.4,1184150.03,0,0.0,1.63,41.06,877632.64,9097.58
1001806,Life,Corporate,46.0,745617.7,2,123878.72,8.17,58.84,1175968.28,84317.73
1001807,Health,Mass,33.5,1001933.66,0,0.0,17.39,42.34,641083.77,5988.16
1001808,Auto,Mass,38.9,1209555.3,0,0.0,12.56,37.06,1104535.76,8525.15
1001809,Auto,Mass,29.8,654742.42,0,0.0,4.19,32.68,415020.51,6726.17
1001810,Auto,Mass,56.6,862446.31,2,271632.09,6.32,56.38,873253.28,157322.27
1001811,Health,Affluent,38.2,871536.89,0,0.0,4.09,38.78,490191.77,8332.65
1001812,Life,Mass,60.9,1417877.89,0,0.0,8.24,38.61,2524589.84,9091.42
1001813,Auto,Mass,61.9,500735.02,2,225360.38,3.47,56.72,467533.87,132700.45
1001814,Auto,Affluent,40.9,874844.84,2,122621.33,2.26,46.26,580517.83,77276.98
1001815,Auto,Mass,28.9,2576012.07,0,0.0,8.96,34.36,2393229.05,6624.33
1001816,Travel,Affluent,18.0,1707230.67,1,89122.98,11.59,37.31,635853.12,58401.89
1001817,Auto,Mass,22.9,1890210.05,1,52951.05,8.07,31.85,1282694.6,37829.07
1001818,Life,Premium,24.1,912175.38,2,222631.1,16.52,31.05,1868089.87,135071.84
1001819,Health,Premium,59.9,1073783.23,1,124193.32,3.44,42.31,871332.2,80107.42
1001820,Home,Mass,43.5,1561847.44,2,396663.78,7.95,64.4,2459435.99,232386.38
1001821,Auto,Mass,47.1,2122893.52,2,281979.87,2.65,50.39,1642170.15,164596.02
1001822,Auto,Mass,18.0,307665.5,1,107609.13,4.34,45.09,233535.15,66407.06
1001823,Health,Premium,26.4,436549.62,2,114379.68,4.23,33.14,416809.39,73957.51
1001824,Life,Mass,53.5,1849349.1,0,0.0,7.99,33.92,2831658.27,10967.02
1001825,Health,Mass,45.7,772865.95,1,60224.24,1.63,36.28,495420.86,40168.98
1001826,Health,Mass,40.1,622005.12,0,0.0,9.09,36.6,390696.82,6545.99
1001827,Auto,Mass,49.3,451513.93,1,122159.02,7.9,63.51,406820.69,75865.88
1001828,Travel,Affluent,63.3,663239.11,0,0.0,11.37,46.34,316335.46,9831.09
1001829,Life,Premium,39.1,416169.1,4,295962.71,6.74,75.68,651185.53,178244.2
1001830,Auto,Mass,42.9,2842663.13,0,0.0,7.14,36.86,2452272.0,9418.68
1001831,Travel,Mass,44.5,888962.4,0,0.0,6.35,48.54,446751.79,8222.94
1001832,Health,Premium,73.1,871766.81,5,,2.52,92.29,661060.78,190762.61
1001833,Health,Premium,18.0,1243688.62,0,,9.02,,817766.63,11405.04
1001834,Life,Mass,50.9,1527953.61,0,0.0,14.43,36.62,2203549.48,8120.56
1001835,Life,Mass,40.5,1514185.95,0,0.0,6.42,28.89,2542964.16,13290.89
1001836,Health,Mass,49.4,1624388.69,1,58957.47,10.38,44.4,967371.64,40539.65
1001837,Auto,Corporate,33.5,,1,105101.66,11.94,43.63,458104.31,70562.87
1001838,Home,Mass,41.4,764000.18,0,0.0,2.31,52.52,636485.18,7304.64
1001839,Travel,Corporate,51.2,1373836.09,1,78112.92,4.92,37.91,633091.74,54295.8
1001840,Auto,Affluent,80.0,673394.12,2,275470.55,5.32,60.22,757081.79,162796.2
1001841,Home,Affluent,52.5,897475.76,4,907121.63,5.1,54.05,702333.09,508518.62
1001842,Home,Mass,31.0,1120706.8,0,0.0,5.39,33.03,1416030.64,8866.31
1001843,Home,Mass,36.5,1386096.16,0,0.0,7.07,39.41,1683577.66,9337.23
1001844,Health,Mass,36.1,338549.47,0,0.0,10.01,40.73,314882.67,6425.0
1001845,Travel,Mass,18.7,1333423.36,2,310658.36,3.6,50.43,1131292.4,180076.19
1001846,Auto,Affluent,37.7,791434.03,0,0.0,5.88,40.28,702401.17,9314.85
1001847,Auto,Corporate,51.5,1328089.21,0,0.0,6.33,44.6,1232669.01,10697.38
1001848,Auto,Affluent,25.4,1379818.43,1,167128.25,5.28,,784461.0,100030.84
1001849,Life,Affluent,55.6,2179276.12,2,320260.56,7.7,47.1,2563490.58,188431.01
1001850,Health,Mass,48.3,1894659.22,0,0.0,12.33,26.87,1508105.03,7085.19
1001851,Auto,Mass,32.5,1887501.31,0,0.0,7.34,32.51,1116895.13,7056.31
1001852,Life,Mass,40.2,1991042.08,0,0.0,8.56,37.09,3364992.2,13459.0
1001853,Life,Affluent,62.8,1056432.77,3,109168.24,2.17,71.29,1082128.69,74793.77
1001854,Life,Corporate,51.5,916073.46,0,0.0,4.96,39.83,1645085.4,15547.24
1001855,Life,Affluent,42.1,1454538.81,0,0.0,5.35,37.09,2111169.29,8579.91
1001856,Auto,Mass,38.9,1346197.58,1,104712.28,2.81,46.96,1104268.12,66463.23
1001857,Life,Mass,43.0,759308.64,0,0.0,1.63,36.77,963249.43,8390.98
1001858,Home,Affluent,35.3,1124448.12,2,93110.39,3.63,55.65,798457.15,64010.48
1001859,Life,Mass,18.0,882793.85,1,65851.51,4.68,53.52,1602154.57,47532.26
1001860,Health,Premium,68.5,562691.58,3,263956.59,4.56,79.12,485509.07,159916.04
1001861,Life,Premium,44.0,1830140.78,1,151436.96,10.1,46.06,2596889.03,99411.18
1001862,Health,Affluent,47.2,927742.62,0,0.0,3.51,41.94,718721.93,9958.45
1001863,Auto,Mass,41.2,2777160.56,2,215290.02,11.76,62.33,2093502.15,128014.46
1001864,Health,Mass,32.4,368107.13,0,0.0,0.78,35.29,271544.98,6881.34
1001865,Travel,Mass,39.6,662596.65,0,0.0,11.58,42.66,410744.86,6497.72
1001866,Travel,Mass,21.2,916302.11,0,0.0,10.28,25.92,585661.31,6515.87
1001867,Auto,Mass,71.6,1682362.55,1,142694.24,0.59,49.28,1764958.7,89026.14
1001868,Auto,Affluent,26.0,1121141.81,1,133746.62,8.32,49.5,1051227.69,84322.85
1001869,Auto,Affluent,28.6,1067585.44,1,93164.15,6.55,36.96,815580.21,59401.34
1001870,Health,Mass,36.3,484152.37,0,0.0,3.45,36.28,270260.04,7199.13
1001871,Life,Mass,58.7,476313.85,2,97583.14,14.94,44.1,703464.32,63428.89
1001872,Auto,Mass,42.2,1074673.66,1,139650.02,4.09,59.02,1044310.8,86059.52
1001873,Health,Mass,25.9,425020.1,2,185782.14,9.12,56.75,190378.56,111106.09
1001874,Life,Premium,58.3,671733.71,0,0.0,4.95,43.34,1282600.28,10983.35
1001875,Health,Mass,51.5,1185475.57,0,0.0,10.13,44.08,746358.64,7315.2
1001876,Health,Mass,49.0,524327.46,0,0.0,4.34,42.75,351263.01,7482.41
1001877,Health,Mass,51.3,2176210.94,1,205795.31,4.22,56.68,1270739.1,122344.66
1001878,Health,Premium,73.1,1764389.03,1,81977.12,8.31,48.16,1336306.98,59764.26
1001879,Auto,Affluent,70.4,379218.96,1,55618.24,4.48,56.32,279368.92,40459.59
1001880,Health,Mass,33.1,538932.63,1,87970.03,4.35,50.52,642050.22,57790.85
1001881,Health,Affluent,63.1,256010.2,2,122302.39,5.97,64.59,157479.57,78658.87
1001882,Life,Affluent,47.0,585209.27,0,0.0,6.83,23.72,939627.53,8488.61
1001883,Health,Corporate,48.5,1371840.33,2,274877.88,6.91,48.67,874709.32,166665.87
1001884,Life,Mass,20.0,716768.23,0,0.0,8.92,26.47,996629.18,5026.51
1001885,Auto,Premium,39.8,1159603.31,1,182242.67,7.06,45.5,785351.36,111217.28
1001886,Home,Corporate,31.4,389596.23,2,60959.18,6.8,35.0,431214.28,45138.25
1001887,Auto,Premium,52.8,1395881.16,3,336667.42,1.94,45.99,1267758.22,195036.85
1001888,Auto,Affluent,55.9,663205.36,2,101072.28,10.61,69.69,752588.78,66039.45
1001889,Health,Affluent,18.0,906044.2,0,0.0,5.31,37.48,462593.36,8924.5
1001890,Travel,Mass,41.7,855181.55,0,0.0,1.62,39.22,537186.59,6656.37
1001891,Auto,Affluent,56.6,447216.62,2,232057.43,11.03,57.19,289407.55,137989.23
1001892,Home,Affluent,39.6,477325.37,1,95472.6,3.88,45.43,529101.4,62228.17
1001893,Life,Affluent,51.5,1532539.93,2,379805.74,2.51,60.51,2491526.41,222506.71
1001894,Auto,Mass,46.6,1120847.58,0,0.0,8.56,35.02,689588.78,6393.77
1001895,Health,Affluent,46.4,1603464.27,0,0.0,5.47,40.72,1065583.78,9627.0
1001896,Health,Premium,38.5,1075947.33,1,97348.23,7.87,45.76,843448.5,64744.89
1001897,Health,Mass,26.2,973638.04,0,0.0,4.23,27.63,761884.87,5993.26
1001898,Auto,Premium,27.4,348308.62,0,0.0,1.5,44.17,333040.07,11303.99
1001899,Home,Affluent,51.2,775643.56,0,0.0,3.47,37.35,854386.64,8815.51
1001900,Life,Premium,42.3,886546.33,2,310490.02,12.11,58.62,1610221.73,184372.84
1001901,Health,Mass,40.2,2634908.47,1,129351.11,2.24,45.35,1736867.26,81864.48
1001902,Auto,Mass,36.5,1313198.33,4,159853.04,10.5,74.66,847176.98,99267.24
1001903,Life,Premium,38.0,2094831.53,2,144345.95,7.8,43.28,2564072.55,91750.66
1001904,Auto,Mass,55.6,1250177.1,0,0.0,6.4,33.84,954237.33,7820.96
1001905,Life,Premium,37.6,608610.19,0,0.0,8.58,31.14,812415.65,11244.81
1001906,Auto,Affluent,24.6,959884.61,1,66631.71,11.75,42.04,837931.09,45620.34
1001907,Travel,Affluent,51.7,1024866.63,0,0.0,11.59,51.36,662349.7,8975.91
1001908,Home,Mass,39.3,536925.42,1,141611.66,4.66,55.51,602389.27,87044.18
1001909,Home,Affluent,42.4,728495.69,2,113144.91,4.3,35.36,596317.1,71210.71
1001910,Auto,Mass,62.9,803697.47,2,230662.34,8.99,57.79,884889.03,134988.32
1001911,Home,Mass,41.7,2176526.79,0,0.0,3.75,15.89,2969538.0,8244.66
1001912,Life,Mass,45.8,286571.33,1,142094.93,2.26,51.33,513722.91,88484.69
1001913,Travel,Mass,26.7,1746894.46,0,0.0,3.42,42.9,871650.75,8939.2
1001914,Home,Corporate,39.1,537622.9,1,141478.3,1.59,44.03,493618.68,91026.13
1001915,Home,Corporate,49.9,423160.36,1,75012.27,4.58,47.27,372050.89,55432.35
1001916,Health,Mass,21.8,1722208.8,0,0.0,8.72,34.51,1755470.25,11353.2
1001917,Life,Affluent,44.6,1346062.17,0,0.0,5.65,33.52,2042741.75,10127.49
1001918,Health,Mass,43.3,1794317.58,0,0.0,3.66,41.75,1324681.24,9722.85
1001919,Home,Affluent,42.5,1397976.11,2,185764.91,4.71,49.94,1699447.55,110311.42
1001920,Home,Premium,55.5,2794223.46,1,105882.44,7.26,54.42,3607919.02,70737.77
1001921,Health,Corporate,46.3,1223771.64,1,158592.6,5.92,45.1,1044357.59,101025.73
1001922,Auto,Mass,61.2,825783.15,1,77649.02,3.68,43.14,766748.99,49824.41
1001923,Health,Premium,29.1,1086812.38,1,81621.58,9.38,31.35,559072.31,56381.06
1001924,Home,Mass,43.8,1783446.1,1,139555.32,6.6,32.28,1696956.38,86156.36
1001925,Life,Corporate,43.1,586245.32,1,205292.68,5.69,54.37,1047230.21,129251.76
1001926,Auto,Mass,28.1,628826.91,0,0.0,15.3,32.18,583278.53,5720.9
1001927,Health,Affluent,54.4,759353.0,2,551020.95,6.41,56.55,580240.83,313127.57
1001928,Home,Affluent,72.2,282837.98,1,128860.79,2.52,64.07,233890.99,82552.16
1001929,Health,Affluent,41.8,971011.09,1,57259.38,0.95,40.95,600535.56,41254.36
1001930,Auto,Mass,48.6,318946.69,2,219938.98,0.84,48.49,371755.67,128767.83
1001931,Health,Corporate,43.1,926651.35,2,154483.97,6.2,50.76,634124.29,99410.39
1001932,Health,Mass,32.7,1448529.42,0,0.0,7.46,36.61,1237422.73,8784.83
1001933,Health,Affluent,18.3,692364.61,0,0.0,13.26,46.45,455804.51,9177.56
1001934,Health,Mass,32.8,2263819.01,1,80190.57,12.4,53.88,2395390.95,51075.66
1001935,Health,Mass,23.9,403073.64,1,51817.71,5.36,45.31,345184.07,37551.55
1001936,Life,Affluent,64.2,1732963.34,1,147992.64,4.86,59.96,2350654.34,95076.52
1001937,Auto,Mass,40.5,1304689.22,0,0.0,3.85,36.86,1285721.16,11124.2
1001938,Life,Mass,37.5,350225.24,2,81962.83,10.77,52.54,470481.45,54880.52
1001939,Home,Mass,53.6,3997128.98,3,290513.58,5.53,58.37,5136418.92,174913.09
1001940,Auto,Mass,27.4,868992.81,0,0.0,3.38,26.2,690187.91,6498.68
1001941,Auto,Affluent,32.0,555449.98,1,78426.16,5.54,51.17,753069.15,51134.52
1001942,Home,Premium,42.9,415090.6,1,142489.77,5.11,48.86,330269.51,90735.34
1001943,Life,Mass,55.4,797422.66,2,306027.31,4.64,54.51,1110506.29,181964.62
1001944,Health,Mass,48.5,839092.53,0,0.0,3.72,39.86,498283.27,6176.94
1001945,Life,Mass,45.2,952271.14,1,66689.98,11.87,35.11,1485895.19,44797.62
1001946,Health,Mass,43.0,764029.86,0,0.0,5.17,31.82,531761.16,6688.25
1001947,Home,Affluent,47.2,1274958.21,1,38857.71,3.92,48.44,1366380.66,33680.51
1001948,Auto,Affluent,44.6,727197.68,0,0.0,3.2,35.31,583503.43,9838.17
1001949,Home,Mass,28.6,310493.98,0,0.0,7.7,33.97,276200.99,7024.11
1001950,Home,Mass,42.6,829021.38,0,0.0,9.12,37.84,828442.96,9668.62
1001951,Auto,Mass,28.0,244760.96,2,260797.2,4.51,43.59,225892.66,150910.29
1001952,Auto,Premium,43.1,1093313.87,1,54167.07,3.93,38.4,1064763.88,41183.92
1001953,Health,Corporate,35.8,525200.26,1,115059.9,11.01,32.28,603542.35,75067.13
1001954,Health,Mass,75.0,984607.38,2,276845.43,2.91,57.68,721380.67,163749.36
1001955,Travel,Mass,41.5,1854065.37,1,60305.17,5.01,49.16,759582.93,41362.75
1001956,Travel,Premium,23.7,534099.94,0,0.0,5.84,22.92,290410.17,8832.11
1001957,Health,Corporate,40.3,1613378.5,0,0.0,7.09,37.89,1707200.56,11568.45
1001958,Home,Mass,48.8,709124.07,0,0.0,5.63,41.89,845757.25,7990.1
1001959,Health,Mass,63.8,2360554.68,0,0.0,0.24,36.3,1794021.54,8347.45
1001960,Life,Mass,34.3,736243.44,0,0.0,7.87,46.71,1336012.7,9694.5
1001961,Auto,Affluent,21.4,566866.38,0,0.0,0.25,31.21,582410.36,7854.42
1001962,Home,Mass,52.6,1313401.89,0,0.0,3.7,40.07,1204045.64,10128.53
1001963,Life,Mass,24.1,708188.58,2,98359.4,11.87,46.36,1047572.45,62502.81
1001964,Home,Affluent,36.3,566568.24,0,0.0,3.11,24.8,499868.82,6599.79
1001965,Health,Mass,38.7,691997.85,0,0.0,3.57,44.76,573563.29,7082.41
1001966,Health,Premium,41.1,878188.42,2,187847.77,7.37,44.55,720032.22,115653.0
1001967,Auto,Mass,51.0,1882947.85,0,0.0,7.87,38.76,1658595.57,6699.07
1001968,Home,Mass,33.1,310643.67,0,0.0,1.47,40.67,234948.48,8003.42
1001969,Home,Affluent,38.4,911497.75,0,0.0,8.69,47.88,1218660.58,10027.25
1001970,Auto,Mass,41.8,1269136.14,2,123648.47,7.37,43.84,1014253.11,77022.88
1001971,Auto,Corporate,43.9,1001036.74,1,24257.87,2.89,42.24,912850.83,26083.42
1001972,Life,Affluent,43.3,1849777.44,1,80131.19,7.14,54.9,3468029.32,66269.77
1001973,Auto,Mass,47.7,863941.3,1,89605.02,4.04,49.43,833142.52,59586.3
1001974,Health,Affluent,53.0,813130.38,0,0.0,9.15,45.55,641288.37,9147.42
1001975,Auto,Mass,47.1,1246601.11,2,120168.27,11.61,45.21,1234633.54,73715.85
1001976,Travel,Premium,47.9,950527.75,0,0.0,9.38,37.08,650662.37,12397.82
1001977,Auto,Mass,21.4,726087.08,0,0.0,12.84,32.74,789407.64,5253.3
1001978,Home,Affluent,42.7,1195445.25,2,202275.28,6.26,45.58,1213128.73,121843.61
1001979,Life,Mass,48.2,628605.71,2,155572.86,2.56,41.09,1140963.88,95025.75
1001980,Life,Mass,51.5,643065.98,0,0.0,5.49,36.95,1008271.88,8526.99
1000102,Health,Affluent,60.7,2737552.06,1,82049.03,6.19,49.63,1803615.24,57599.78
1000518,Life,Mass,42.9,910007.94,1,28060.12,5.12,44.57,1153140.86,25878.65
1000934,Health,Affluent,60.5,947505.45,3,121104.08,2.07,53.08,945152.92,76410.74
1001278,Travel,Affluent,51.0,752172.91,0,0.0,4.7,31.11,398200.99,7206.17
1001605,Auto,Mass,50.7,1059836.29,2,349491.97,9.58,40.38,783741.02,197891.89
1001986,Auto,Corporate,36.7,357064.35,2,119813.4,6.14,59.22,227186.78,79700.19
1001987,Health,Mass,53.8,1067147.51,1,151282.54,1.96,49.02,801772.42,90302.57
1001988,Home,Mass,43.6,1169180.5,0,0.0,5.77,45.53,1320380.89,6341.47
1001989,Home,Mass,40.4,1244757.91,0,0.0,2.57,30.61,1322182.67,6835.35
1001990,Health,Premium,39.3,209325.26,0,0.0,1.99,45.11,157690.5,10651.52
1001991,Life,Mass,51.7,1908187.16,3,371160.01,10.09,67.56,2497048.62,220610.76
1001992,Auto,Mass,46.2,599825.98,0,0.0,9.27,41.4,509601.31,6881.53
1001993,Health,Affluent,71.6,1312917.48,2,109503.03,10.82,52.3,933940.75,72515.4
1001994,Auto,Mass,30.9,1352872.44,1,98783.72,8.67,42.18,1336570.57,61934.09
1001995,Life,Affluent,48.7,555690.43,1,70786.85,11.98,50.7,807400.04,50234.33
1001996,Health,Mass,35.1,1294199.63,1,85080.47,2.81,45.07,768277.47,54831.08
1001997,Travel,Mass,30.7,728052.73,0,0.0,1.6,40.16,643781.06,6712.78
1001998,Auto,Mass,41.9,288050.93,3,673740.95,2.78,64.99,189701.25,379281.01
1001999,Auto,Affluent,43.8,1710691.28,3,127890.44,8.46,53.79,1490272.71,81918.99
1002000,Auto,Mass,79.9,587643.24,2,225532.9,5.09,51.7,475216.36,133313.8
